<?xml version="1.0" ?>
<FlowMonitor>
  <FlowStats>
    <Flow flowId="1" timeFirstTxPacket="+100045216.0ns" timeFirstRxPacket="+3122928808.0ns" timeLastTxPacket="+59981999999.0ns" timeLastRxPacket="+59968928724.0ns" delaySum="+76243426286.0ns" jitterSum="+65258603.0ns" lastDelay="+21928725.0ns" txBytes="194649" rxBytes="194541" txPackets="3480" rxPackets="3478" lostPackets="1" timesForwarded="3478">
      <delayHistogram nBins="23" >
        <bin index="20" start="0.02" width="0.001" count="29" />
        <bin index="21" start="0.021" width="0.001" count="3445" />
        <bin index="22" start="0.022" width="0.001" count="4" />
      </delayHistogram>
      <jitterHistogram nBins="2" >
        <bin index="0" start="0" width="0.001" count="3471" />
        <bin index="1" start="0.001" width="0.001" count="6" />
      </jitterHistogram>
      <packetSizeHistogram nBins="14" >
        <bin index="2" start="40" width="20" count="2631" />
        <bin index="3" start="60" width="20" count="814" />
        <bin index="12" start="240" width="20" count="1" />
        <bin index="13" start="260" width="20" count="32" />
      </packetSizeHistogram>
      <flowInterruptionsHistogram nBins="4" >
        <bin index="3" start="0.75" width="0.25" count="1" />
      </flowInterruptionsHistogram>
    </Flow>
    <Flow flowId="2" timeFirstTxPacket="+100956904.0ns" timeFirstRxPacket="+3122928730.0ns" timeLastTxPacket="+59973999999.0ns" timeLastRxPacket="+59995928724.0ns" delaySum="+76362515192.0ns" jitterSum="+264323613.0ns" lastDelay="+21928725.0ns" txBytes="194597" rxBytes="194541" txPackets="3479" rxPackets="3478" lostPackets="1" timesForwarded="3478">
      <delayHistogram nBins="23" >
        <bin index="20" start="0.02" width="0.001" count="19" />
        <bin index="21" start="0.021" width="0.001" count="3346" />
        <bin index="22" start="0.022" width="0.001" count="113" />
      </delayHistogram>
      <jitterHistogram nBins="2" >
        <bin index="0" start="0" width="0.001" count="3366" />
        <bin index="1" start="0.001" width="0.001" count="111" />
      </jitterHistogram>
      <packetSizeHistogram nBins="14" >
        <bin index="2" start="40" width="20" count="2631" />
        <bin index="3" start="60" width="20" count="814" />
        <bin index="12" start="240" width="20" count="1" />
        <bin index="13" start="260" width="20" count="32" />
      </packetSizeHistogram>
      <flowInterruptionsHistogram nBins="4" >
        <bin index="3" start="0.75" width="0.25" count="1" />
      </flowInterruptionsHistogram>
    </Flow>
    <Flow flowId="3" timeFirstTxPacket="+101484803.0ns" timeFirstRxPacket="+3123928730.0ns" timeLastTxPacket="+59982999999.0ns" timeLastRxPacket="+59969928724.0ns" delaySum="+76242909686.0ns" jitterSum="+64779046.0ns" lastDelay="+21928725.0ns" txBytes="194649" rxBytes="194541" txPackets="3480" rxPackets="3478" lostPackets="1" timesForwarded="3478">
      <delayHistogram nBins="23" >
        <bin index="20" start="0.02" width="0.001" count="29" />
        <bin index="21" start="0.021" width="0.001" count="3445" />
        <bin index="22" start="0.022" width="0.001" count="4" />
      </delayHistogram>
      <jitterHistogram nBins="2" >
        <bin index="0" start="0" width="0.001" count="3471" />
        <bin index="1" start="0.001" width="0.001" count="6" />
      </jitterHistogram>
      <packetSizeHistogram nBins="14" >
        <bin index="2" start="40" width="20" count="2631" />
        <bin index="3" start="60" width="20" count="814" />
        <bin index="12" start="240" width="20" count="1" />
        <bin index="13" start="260" width="20" count="32" />
      </packetSizeHistogram>
      <flowInterruptionsHistogram nBins="4" >
        <bin index="3" start="0.75" width="0.25" count="1" />
      </flowInterruptionsHistogram>
    </Flow>
    <Flow flowId="4" timeFirstTxPacket="+102199922.0ns" timeFirstRxPacket="+3124928730.0ns" timeLastTxPacket="+59983999999.0ns" timeLastRxPacket="+59970928724.0ns" delaySum="+76243445079.0ns" jitterSum="+65349887.0ns" lastDelay="+21928725.0ns" txBytes="194649" rxBytes="194541" txPackets="3480" rxPackets="3478" lostPackets="1" timesForwarded="3478">
      <delayHistogram nBins="23" >
        <bin index="20" start="0.02" width="0.001" count="29" />
        <bin index="21" start="0.021" width="0.001" count="3445" />
        <bin index="22" start="0.022" width="0.001" count="4" />
      </delayHistogram>
      <jitterHistogram nBins="2" >
        <bin index="0" start="0" width="0.001" count="3471" />
        <bin index="1" start="0.001" width="0.001" count="6" />
      </jitterHistogram>
      <packetSizeHistogram nBins="14" >
        <bin index="2" start="40" width="20" count="2631" />
        <bin index="3" start="60" width="20" count="814" />
        <bin index="12" start="240" width="20" count="1" />
        <bin index="13" start="260" width="20" count="32" />
      </packetSizeHistogram>
      <flowInterruptionsHistogram nBins="4" >
        <bin index="3" start="0.75" width="0.25" count="1" />
      </flowInterruptionsHistogram>
    </Flow>
    <Flow flowId="5" timeFirstTxPacket="+102243730.0ns" timeFirstRxPacket="+3124928808.0ns" timeLastTxPacket="+59983999999.0ns" timeLastRxPacket="+59970928799.0ns" delaySum="+76243672730.0ns" jitterSum="+65296178.0ns" lastDelay="+21928800.0ns" txBytes="194649" rxBytes="194541" txPackets="3480" rxPackets="3478" lostPackets="1" timesForwarded="3478">
      <delayHistogram nBins="23" >
        <bin index="20" start="0.02" width="0.001" count="29" />
        <bin index="21" start="0.021" width="0.001" count="3445" />
        <bin index="22" start="0.022" width="0.001" count="4" />
      </delayHistogram>
      <jitterHistogram nBins="2" >
        <bin index="0" start="0" width="0.001" count="3471" />
        <bin index="1" start="0.001" width="0.001" count="6" />
      </jitterHistogram>
      <packetSizeHistogram nBins="14" >
        <bin index="2" start="40" width="20" count="2631" />
        <bin index="3" start="60" width="20" count="814" />
        <bin index="12" start="240" width="20" count="1" />
        <bin index="13" start="260" width="20" count="32" />
      </packetSizeHistogram>
      <flowInterruptionsHistogram nBins="4" >
        <bin index="3" start="0.75" width="0.25" count="1" />
      </flowInterruptionsHistogram>
    </Flow>
    <Flow flowId="6" timeFirstTxPacket="+104469063.0ns" timeFirstRxPacket="+3126928808.0ns" timeLastTxPacket="+59992999999.0ns" timeLastRxPacket="+59979928724.0ns" delaySum="+76242928468.0ns" jitterSum="+64803756.0ns" lastDelay="+21928725.0ns" txBytes="194649" rxBytes="194541" txPackets="3480" rxPackets="3478" lostPackets="1" timesForwarded="3478">
      <delayHistogram nBins="23" >
        <bin index="20" start="0.02" width="0.001" count="29" />
        <bin index="21" start="0.021" width="0.001" count="3445" />
        <bin index="22" start="0.022" width="0.001" count="4" />
      </delayHistogram>
      <jitterHistogram nBins="2" >
        <bin index="0" start="0" width="0.001" count="3471" />
        <bin index="1" start="0.001" width="0.001" count="6" />
      </jitterHistogram>
      <packetSizeHistogram nBins="14" >
        <bin index="2" start="40" width="20" count="2631" />
        <bin index="3" start="60" width="20" count="814" />
        <bin index="12" start="240" width="20" count="1" />
        <bin index="13" start="260" width="20" count="32" />
      </packetSizeHistogram>
      <flowInterruptionsHistogram nBins="4" >
        <bin index="3" start="0.75" width="0.25" count="1" />
      </flowInterruptionsHistogram>
    </Flow>
    <Flow flowId="7" timeFirstTxPacket="+104492516.0ns" timeFirstRxPacket="+3126928886.0ns" timeLastTxPacket="+59985999999.0ns" timeLastRxPacket="+59972928799.0ns" delaySum="+76243423797.0ns" jitterSum="+65047920.0ns" lastDelay="+21928800.0ns" txBytes="194649" rxBytes="194541" txPackets="3480" rxPackets="3478" lostPackets="1" timesForwarded="3478">
      <delayHistogram nBins="23" >
        <bin index="20" start="0.02" width="0.001" count="29" />
        <bin index="21" start="0.021" width="0.001" count="3445" />
        <bin index="22" start="0.022" width="0.001" count="4" />
      </delayHistogram>
      <jitterHistogram nBins="2" >
        <bin index="0" start="0" width="0.001" count="3471" />
        <bin index="1" start="0.001" width="0.001" count="6" />
      </jitterHistogram>
      <packetSizeHistogram nBins="14" >
        <bin index="2" start="40" width="20" count="2631" />
        <bin index="3" start="60" width="20" count="814" />
        <bin index="12" start="240" width="20" count="1" />
        <bin index="13" start="260" width="20" count="32" />
      </packetSizeHistogram>
      <flowInterruptionsHistogram nBins="4" >
        <bin index="3" start="0.75" width="0.25" count="1" />
      </flowInterruptionsHistogram>
    </Flow>
    <Flow flowId="8" timeFirstTxPacket="+104863862.0ns" timeFirstRxPacket="+3126928730.0ns" timeLastTxPacket="+59985999999.0ns" timeLastRxPacket="+59972928724.0ns" delaySum="+76242780914.0ns" jitterSum="+64686397.0ns" lastDelay="+21928725.0ns" txBytes="194649" rxBytes="194541" txPackets="3480" rxPackets="3478" lostPackets="1" timesForwarded="3478">
      <delayHistogram nBins="23" >
        <bin index="20" start="0.02" width="0.001" count="29" />
        <bin index="21" start="0.021" width="0.001" count="3445" />
        <bin index="22" start="0.022" width="0.001" count="4" />
      </delayHistogram>
      <jitterHistogram nBins="2" >
        <bin index="0" start="0" width="0.001" count="3471" />
        <bin index="1" start="0.001" width="0.001" count="6" />
      </jitterHistogram>
      <packetSizeHistogram nBins="14" >
        <bin index="2" start="40" width="20" count="2631" />
        <bin index="3" start="60" width="20" count="814" />
        <bin index="12" start="240" width="20" count="1" />
        <bin index="13" start="260" width="20" count="32" />
      </packetSizeHistogram>
      <flowInterruptionsHistogram nBins="4" >
        <bin index="3" start="0.75" width="0.25" count="1" />
      </flowInterruptionsHistogram>
    </Flow>
    <Flow flowId="9" timeFirstTxPacket="+105016284.0ns" timeFirstRxPacket="+3127928808.0ns" timeLastTxPacket="+59986999999.0ns" timeLastRxPacket="+59973928799.0ns" delaySum="+76243899951.0ns" jitterSum="+65524074.0ns" lastDelay="+21928800.0ns" txBytes="194649" rxBytes="194541" txPackets="3480" rxPackets="3478" lostPackets="1" timesForwarded="3478">
      <delayHistogram nBins="23" >
        <bin index="20" start="0.02" width="0.001" count="29" />
        <bin index="21" start="0.021" width="0.001" count="3445" />
        <bin index="22" start="0.022" width="0.001" count="4" />
      </delayHistogram>
      <jitterHistogram nBins="2" >
        <bin index="0" start="0" width="0.001" count="3471" />
        <bin index="1" start="0.001" width="0.001" count="6" />
      </jitterHistogram>
      <packetSizeHistogram nBins="14" >
        <bin index="2" start="40" width="20" count="2631" />
        <bin index="3" start="60" width="20" count="814" />
        <bin index="12" start="240" width="20" count="1" />
        <bin index="13" start="260" width="20" count="32" />
      </packetSizeHistogram>
      <flowInterruptionsHistogram nBins="4" >
        <bin index="3" start="0.75" width="0.25" count="1" />
      </flowInterruptionsHistogram>
    </Flow>
    <Flow flowId="10" timeFirstTxPacket="+105298865.0ns" timeFirstRxPacket="+3127928730.0ns" timeLastTxPacket="+59986999999.0ns" timeLastRxPacket="+59973928724.0ns" delaySum="+76243345911.0ns" jitterSum="+65251394.0ns" lastDelay="+21928725.0ns" txBytes="194649" rxBytes="194541" txPackets="3480" rxPackets="3478" lostPackets="1" timesForwarded="3478">
      <delayHistogram nBins="23" >
        <bin index="20" start="0.02" width="0.001" count="29" />
        <bin index="21" start="0.021" width="0.001" count="3445" />
        <bin index="22" start="0.022" width="0.001" count="4" />
      </delayHistogram>
      <jitterHistogram nBins="2" >
        <bin index="0" start="0" width="0.001" count="3471" />
        <bin index="1" start="0.001" width="0.001" count="6" />
      </jitterHistogram>
      <packetSizeHistogram nBins="14" >
        <bin index="2" start="40" width="20" count="2631" />
        <bin index="3" start="60" width="20" count="814" />
        <bin index="12" start="240" width="20" count="1" />
        <bin index="13" start="260" width="20" count="32" />
      </packetSizeHistogram>
      <flowInterruptionsHistogram nBins="4" >
        <bin index="3" start="0.75" width="0.25" count="1" />
      </flowInterruptionsHistogram>
    </Flow>
    <Flow flowId="11" timeFirstTxPacket="+105908801.0ns" timeFirstRxPacket="+0.0ns" timeLastTxPacket="+45105908801.0ns" timeLastRxPacket="+0.0ns" delaySum="+0.0ns" jitterSum="+0.0ns" lastDelay="+0.0ns" txBytes="280" rxBytes="0" txPackets="5" rxPackets="0" lostPackets="5" timesForwarded="0">
      <delayHistogram nBins="0" >
      </delayHistogram>
      <jitterHistogram nBins="0" >
      </jitterHistogram>
      <packetSizeHistogram nBins="0" >
      </packetSizeHistogram>
      <flowInterruptionsHistogram nBins="0" >
      </flowInterruptionsHistogram>
    </Flow>
    <Flow flowId="12" timeFirstTxPacket="+106494996.0ns" timeFirstRxPacket="+3128928730.0ns" timeLastTxPacket="+59987999999.0ns" timeLastRxPacket="+59974928724.0ns" delaySum="+76242892851.0ns" jitterSum="+64767557.0ns" lastDelay="+21928725.0ns" txBytes="194649" rxBytes="194541" txPackets="3480" rxPackets="3478" lostPackets="1" timesForwarded="3478">
      <delayHistogram nBins="23" >
        <bin index="20" start="0.02" width="0.001" count="29" />
        <bin index="21" start="0.021" width="0.001" count="3445" />
        <bin index="22" start="0.022" width="0.001" count="4" />
      </delayHistogram>
      <jitterHistogram nBins="2" >
        <bin index="0" start="0" width="0.001" count="3471" />
        <bin index="1" start="0.001" width="0.001" count="6" />
      </jitterHistogram>
      <packetSizeHistogram nBins="14" >
        <bin index="2" start="40" width="20" count="2631" />
        <bin index="3" start="60" width="20" count="814" />
        <bin index="12" start="240" width="20" count="1" />
        <bin index="13" start="260" width="20" count="32" />
      </packetSizeHistogram>
      <flowInterruptionsHistogram nBins="4" >
        <bin index="3" start="0.75" width="0.25" count="1" />
      </flowInterruptionsHistogram>
    </Flow>
    <Flow flowId="13" timeFirstTxPacket="+109262643.0ns" timeFirstRxPacket="+3131928808.0ns" timeLastTxPacket="+59990999999.0ns" timeLastRxPacket="+59977928799.0ns" delaySum="+76243709340.0ns" jitterSum="+65306775.0ns" lastDelay="+21928800.0ns" txBytes="194649" rxBytes="194541" txPackets="3480" rxPackets="3478" lostPackets="1" timesForwarded="3478">
      <delayHistogram nBins="23" >
        <bin index="20" start="0.02" width="0.001" count="29" />
        <bin index="21" start="0.021" width="0.001" count="3445" />
        <bin index="22" start="0.022" width="0.001" count="4" />
      </delayHistogram>
      <jitterHistogram nBins="2" >
        <bin index="0" start="0" width="0.001" count="3471" />
        <bin index="1" start="0.001" width="0.001" count="6" />
      </jitterHistogram>
      <packetSizeHistogram nBins="14" >
        <bin index="2" start="40" width="20" count="2631" />
        <bin index="3" start="60" width="20" count="814" />
        <bin index="12" start="240" width="20" count="1" />
        <bin index="13" start="260" width="20" count="32" />
      </packetSizeHistogram>
      <flowInterruptionsHistogram nBins="4" >
        <bin index="3" start="0.75" width="0.25" count="1" />
      </flowInterruptionsHistogram>
    </Flow>
    <Flow flowId="14" timeFirstTxPacket="+109453635.0ns" timeFirstRxPacket="+3131928730.0ns" timeLastTxPacket="+59990999999.0ns" timeLastRxPacket="+59977928724.0ns" delaySum="+76243219155.0ns" jitterSum="+65127446.0ns" lastDelay="+21928725.0ns" txBytes="194649" rxBytes="194541" txPackets="3480" rxPackets="3478" lostPackets="1" timesForwarded="3478">
      <delayHistogram nBins="23" >
        <bin index="20" start="0.02" width="0.001" count="29" />
        <bin index="21" start="0.021" width="0.001" count="3445" />
        <bin index="22" start="0.022" width="0.001" count="4" />
      </delayHistogram>
      <jitterHistogram nBins="2" >
        <bin index="0" start="0" width="0.001" count="3471" />
        <bin index="1" start="0.001" width="0.001" count="6" />
      </jitterHistogram>
      <packetSizeHistogram nBins="14" >
        <bin index="2" start="40" width="20" count="2631" />
        <bin index="3" start="60" width="20" count="814" />
        <bin index="12" start="240" width="20" count="1" />
        <bin index="13" start="260" width="20" count="32" />
      </packetSizeHistogram>
      <flowInterruptionsHistogram nBins="4" >
        <bin index="3" start="0.75" width="0.25" count="1" />
      </flowInterruptionsHistogram>
    </Flow>
    <Flow flowId="15" timeFirstTxPacket="+260214285.0ns" timeFirstRxPacket="+260214514.0ns" timeLastTxPacket="+260214285.0ns" timeLastRxPacket="+260217491.0ns" delaySum="+24045.0ns" jitterSum="+2977.0ns" lastDelay="+3206.0ns" txBytes="3990" rxBytes="3990" txPackets="14" rxPackets="14" lostPackets="0" timesForwarded="0">
      <delayHistogram nBins="1" >
        <bin index="0" start="0" width="0.001" count="14" />
      </delayHistogram>
      <jitterHistogram nBins="1" >
        <bin index="0" start="0" width="0.001" count="13" />
      </jitterHistogram>
      <packetSizeHistogram nBins="15" >
        <bin index="14" start="280" width="20" count="14" />
      </packetSizeHistogram>
      <flowInterruptionsHistogram nBins="0" >
      </flowInterruptionsHistogram>
    </Flow>
    <Flow flowId="16" timeFirstTxPacket="+260214514.0ns" timeFirstRxPacket="+260214743.0ns" timeLastTxPacket="+260217491.0ns" timeLastRxPacket="+260217720.0ns" delaySum="+3206.0ns" jitterSum="+0.0ns" lastDelay="+229.0ns" txBytes="3990" rxBytes="3990" txPackets="14" rxPackets="14" lostPackets="0" timesForwarded="0">
      <delayHistogram nBins="1" >
        <bin index="0" start="0" width="0.001" count="14" />
      </delayHistogram>
      <jitterHistogram nBins="1" >
        <bin index="0" start="0" width="0.001" count="13" />
      </jitterHistogram>
      <packetSizeHistogram nBins="15" >
        <bin index="14" start="280" width="20" count="14" />
      </packetSizeHistogram>
      <flowInterruptionsHistogram nBins="0" >
      </flowInterruptionsHistogram>
    </Flow>
    <Flow flowId="17" timeFirstTxPacket="+260214743.0ns" timeFirstRxPacket="+260214958.0ns" timeLastTxPacket="+260217720.0ns" timeLastRxPacket="+260217935.0ns" delaySum="+3010.0ns" jitterSum="+0.0ns" lastDelay="+215.0ns" txBytes="3738" rxBytes="3738" txPackets="14" rxPackets="14" lostPackets="0" timesForwarded="0">
      <delayHistogram nBins="1" >
        <bin index="0" start="0" width="0.001" count="14" />
      </delayHistogram>
      <jitterHistogram nBins="1" >
        <bin index="0" start="0" width="0.001" count="13" />
      </jitterHistogram>
      <packetSizeHistogram nBins="14" >
        <bin index="13" start="260" width="20" count="14" />
      </packetSizeHistogram>
      <flowInterruptionsHistogram nBins="0" >
      </flowInterruptionsHistogram>
    </Flow>
    <Flow flowId="18" timeFirstTxPacket="+260214958.0ns" timeFirstRxPacket="+260215173.0ns" timeLastTxPacket="+260217935.0ns" timeLastRxPacket="+260218150.0ns" delaySum="+3010.0ns" jitterSum="+0.0ns" lastDelay="+215.0ns" txBytes="3738" rxBytes="3738" txPackets="14" rxPackets="14" lostPackets="0" timesForwarded="0">
      <delayHistogram nBins="1" >
        <bin index="0" start="0" width="0.001" count="14" />
      </delayHistogram>
      <jitterHistogram nBins="1" >
        <bin index="0" start="0" width="0.001" count="13" />
      </jitterHistogram>
      <packetSizeHistogram nBins="14" >
        <bin index="13" start="260" width="20" count="14" />
      </packetSizeHistogram>
      <flowInterruptionsHistogram nBins="0" >
      </flowInterruptionsHistogram>
    </Flow>
    <Flow flowId="19" timeFirstTxPacket="+3122928730.0ns" timeFirstRxPacket="+3135999999.0ns" timeLastTxPacket="+59995928724.0ns" timeLastRxPacket="+59973999999.0ns" delaySum="+78260005085.0ns" jitterSum="+14326758.0ns" lastDelay="+13071107.0ns" txBytes="9097938" rxBytes="8937652" txPackets="6091" rxPackets="5984" lostPackets="86" timesForwarded="5984">
      <delayHistogram nBins="21" >
        <bin index="13" start="0.013" width="0.001" count="5978" />
        <bin index="20" start="0.02" width="0.001" count="6" />
      </delayHistogram>
      <jitterHistogram nBins="7" >
        <bin index="0" start="0" width="0.001" count="5981" />
        <bin index="6" start="0.006" width="0.001" count="2" />
      </jitterHistogram>
      <packetSizeHistogram nBins="75" >
        <bin index="2" start="40" width="20" count="2" />
        <bin index="4" start="80" width="20" count="2" />
        <bin index="18" start="360" width="20" count="1" />
        <bin index="29" start="580" width="20" count="1" />
        <bin index="39" start="780" width="20" count="25" />
        <bin index="51" start="1020" width="20" count="1" />
        <bin index="68" start="1360" width="20" count="2" />
        <bin index="74" start="1480" width="20" count="5950" />
      </packetSizeHistogram>
      <flowInterruptionsHistogram nBins="5" >
        <bin index="4" start="1" width="0.25" count="1" />
      </flowInterruptionsHistogram>
    </Flow>
    <Flow flowId="20" timeFirstTxPacket="+3122928808.0ns" timeFirstRxPacket="+3135999999.0ns" timeLastTxPacket="+59968928724.0ns" timeLastRxPacket="+59981999999.0ns" delaySum="+78244192956.0ns" jitterSum="+279770.0ns" lastDelay="+13071275.0ns" txBytes="9097938" rxBytes="8940648" txPackets="6091" rxPackets="5986" lostPackets="86" timesForwarded="5986">
      <delayHistogram nBins="14" >
        <bin index="13" start="0.013" width="0.001" count="5986" />
      </delayHistogram>
      <jitterHistogram nBins="1" >
        <bin index="0" start="0" width="0.001" count="5985" />
      </jitterHistogram>
      <packetSizeHistogram nBins="75" >
        <bin index="2" start="40" width="20" count="2" />
        <bin index="4" start="80" width="20" count="2" />
        <bin index="18" start="360" width="20" count="1" />
        <bin index="29" start="580" width="20" count="1" />
        <bin index="39" start="780" width="20" count="25" />
        <bin index="51" start="1020" width="20" count="1" />
        <bin index="68" start="1360" width="20" count="2" />
        <bin index="74" start="1480" width="20" count="5952" />
      </packetSizeHistogram>
      <flowInterruptionsHistogram nBins="5" >
        <bin index="4" start="1" width="0.25" count="1" />
      </flowInterruptionsHistogram>
    </Flow>
    <Flow flowId="21" timeFirstTxPacket="+3123928730.0ns" timeFirstRxPacket="+3136999999.0ns" timeLastTxPacket="+59969928724.0ns" timeLastRxPacket="+59982999999.0ns" delaySum="+78244310854.0ns" jitterSum="+244712.0ns" lastDelay="+13071275.0ns" txBytes="9097938" rxBytes="8940648" txPackets="6091" rxPackets="5986" lostPackets="86" timesForwarded="5986">
      <delayHistogram nBins="14" >
        <bin index="13" start="0.013" width="0.001" count="5986" />
      </delayHistogram>
      <jitterHistogram nBins="1" >
        <bin index="0" start="0" width="0.001" count="5985" />
      </jitterHistogram>
      <packetSizeHistogram nBins="75" >
        <bin index="2" start="40" width="20" count="2" />
        <bin index="4" start="80" width="20" count="2" />
        <bin index="18" start="360" width="20" count="1" />
        <bin index="29" start="580" width="20" count="1" />
        <bin index="39" start="780" width="20" count="25" />
        <bin index="51" start="1020" width="20" count="1" />
        <bin index="68" start="1360" width="20" count="2" />
        <bin index="74" start="1480" width="20" count="5952" />
      </packetSizeHistogram>
      <flowInterruptionsHistogram nBins="5" >
        <bin index="4" start="1" width="0.25" count="1" />
      </flowInterruptionsHistogram>
    </Flow>
    <Flow flowId="22" timeFirstTxPacket="+3124928730.0ns" timeFirstRxPacket="+3137999999.0ns" timeLastTxPacket="+59970928724.0ns" timeLastRxPacket="+59983999999.0ns" delaySum="+78244043128.0ns" jitterSum="+458444.0ns" lastDelay="+13071275.0ns" txBytes="9097938" rxBytes="8940648" txPackets="6091" rxPackets="5986" lostPackets="86" timesForwarded="5986">
      <delayHistogram nBins="14" >
        <bin index="13" start="0.013" width="0.001" count="5986" />
      </delayHistogram>
      <jitterHistogram nBins="1" >
        <bin index="0" start="0" width="0.001" count="5985" />
      </jitterHistogram>
      <packetSizeHistogram nBins="75" >
        <bin index="2" start="40" width="20" count="2" />
        <bin index="4" start="80" width="20" count="2" />
        <bin index="18" start="360" width="20" count="1" />
        <bin index="29" start="580" width="20" count="1" />
        <bin index="39" start="780" width="20" count="25" />
        <bin index="51" start="1020" width="20" count="1" />
        <bin index="68" start="1360" width="20" count="2" />
        <bin index="74" start="1480" width="20" count="5952" />
      </packetSizeHistogram>
      <flowInterruptionsHistogram nBins="5" >
        <bin index="4" start="1" width="0.25" count="1" />
      </flowInterruptionsHistogram>
    </Flow>
    <Flow flowId="23" timeFirstTxPacket="+3124928808.0ns" timeFirstRxPacket="+3137999999.0ns" timeLastTxPacket="+59970928799.0ns" timeLastRxPacket="+59983999999.0ns" delaySum="+78243568139.0ns" jitterSum="+468685.0ns" lastDelay="+13071200.0ns" txBytes="9097938" rxBytes="8940648" txPackets="6091" rxPackets="5986" lostPackets="86" timesForwarded="5986">
      <delayHistogram nBins="14" >
        <bin index="13" start="0.013" width="0.001" count="5986" />
      </delayHistogram>
      <jitterHistogram nBins="1" >
        <bin index="0" start="0" width="0.001" count="5985" />
      </jitterHistogram>
      <packetSizeHistogram nBins="75" >
        <bin index="2" start="40" width="20" count="2" />
        <bin index="4" start="80" width="20" count="2" />
        <bin index="18" start="360" width="20" count="1" />
        <bin index="29" start="580" width="20" count="1" />
        <bin index="39" start="780" width="20" count="25" />
        <bin index="51" start="1020" width="20" count="1" />
        <bin index="68" start="1360" width="20" count="2" />
        <bin index="74" start="1480" width="20" count="5952" />
      </packetSizeHistogram>
      <flowInterruptionsHistogram nBins="5" >
        <bin index="4" start="1" width="0.25" count="1" />
      </flowInterruptionsHistogram>
    </Flow>
    <Flow flowId="24" timeFirstTxPacket="+3126928730.0ns" timeFirstRxPacket="+3139999999.0ns" timeLastTxPacket="+59972928724.0ns" timeLastRxPacket="+59985999999.0ns" delaySum="+78244044478.0ns" jitterSum="+457994.0ns" lastDelay="+13071275.0ns" txBytes="9097938" rxBytes="8940648" txPackets="6091" rxPackets="5986" lostPackets="86" timesForwarded="5986">
      <delayHistogram nBins="14" >
        <bin index="13" start="0.013" width="0.001" count="5986" />
      </delayHistogram>
      <jitterHistogram nBins="1" >
        <bin index="0" start="0" width="0.001" count="5985" />
      </jitterHistogram>
      <packetSizeHistogram nBins="75" >
        <bin index="2" start="40" width="20" count="2" />
        <bin index="4" start="80" width="20" count="2" />
        <bin index="18" start="360" width="20" count="1" />
        <bin index="29" start="580" width="20" count="1" />
        <bin index="39" start="780" width="20" count="25" />
        <bin index="51" start="1020" width="20" count="1" />
        <bin index="68" start="1360" width="20" count="2" />
        <bin index="74" start="1480" width="20" count="5952" />
      </packetSizeHistogram>
      <flowInterruptionsHistogram nBins="5" >
        <bin index="4" start="1" width="0.25" count="1" />
      </flowInterruptionsHistogram>
    </Flow>
    <Flow flowId="25" timeFirstTxPacket="+3126928808.0ns" timeFirstRxPacket="+3146999999.0ns" timeLastTxPacket="+59979928724.0ns" timeLastRxPacket="+59992999999.0ns" delaySum="+78251303810.0ns" jitterSum="+7251030.0ns" lastDelay="+13071275.0ns" txBytes="9097938" rxBytes="8940648" txPackets="6091" rxPackets="5986" lostPackets="86" timesForwarded="5986">
      <delayHistogram nBins="21" >
        <bin index="13" start="0.013" width="0.001" count="5985" />
        <bin index="20" start="0.02" width="0.001" count="1" />
      </delayHistogram>
      <jitterHistogram nBins="8" >
        <bin index="0" start="0" width="0.001" count="5984" />
        <bin index="7" start="0.007" width="0.001" count="1" />
      </jitterHistogram>
      <packetSizeHistogram nBins="75" >
        <bin index="2" start="40" width="20" count="2" />
        <bin index="4" start="80" width="20" count="2" />
        <bin index="18" start="360" width="20" count="1" />
        <bin index="29" start="580" width="20" count="1" />
        <bin index="39" start="780" width="20" count="25" />
        <bin index="51" start="1020" width="20" count="1" />
        <bin index="68" start="1360" width="20" count="2" />
        <bin index="74" start="1480" width="20" count="5952" />
      </packetSizeHistogram>
      <flowInterruptionsHistogram nBins="5" >
        <bin index="4" start="1" width="0.25" count="1" />
      </flowInterruptionsHistogram>
    </Flow>
    <Flow flowId="26" timeFirstTxPacket="+3126928886.0ns" timeFirstRxPacket="+3139999999.0ns" timeLastTxPacket="+59972928799.0ns" timeLastRxPacket="+59985999999.0ns" delaySum="+78243569411.0ns" jitterSum="+468157.0ns" lastDelay="+13071200.0ns" txBytes="9097938" rxBytes="8940648" txPackets="6091" rxPackets="5986" lostPackets="86" timesForwarded="5986">
      <delayHistogram nBins="14" >
        <bin index="13" start="0.013" width="0.001" count="5986" />
      </delayHistogram>
      <jitterHistogram nBins="1" >
        <bin index="0" start="0" width="0.001" count="5985" />
      </jitterHistogram>
      <packetSizeHistogram nBins="75" >
        <bin index="2" start="40" width="20" count="2" />
        <bin index="4" start="80" width="20" count="2" />
        <bin index="18" start="360" width="20" count="1" />
        <bin index="29" start="580" width="20" count="1" />
        <bin index="39" start="780" width="20" count="25" />
        <bin index="51" start="1020" width="20" count="1" />
        <bin index="68" start="1360" width="20" count="2" />
        <bin index="74" start="1480" width="20" count="5952" />
      </packetSizeHistogram>
      <flowInterruptionsHistogram nBins="5" >
        <bin index="4" start="1" width="0.25" count="1" />
      </flowInterruptionsHistogram>
    </Flow>
    <Flow flowId="27" timeFirstTxPacket="+3127928730.0ns" timeFirstRxPacket="+3140999999.0ns" timeLastTxPacket="+59973928724.0ns" timeLastRxPacket="+59986999999.0ns" delaySum="+78244044478.0ns" jitterSum="+457994.0ns" lastDelay="+13071275.0ns" txBytes="9097938" rxBytes="8940648" txPackets="6091" rxPackets="5986" lostPackets="86" timesForwarded="5986">
      <delayHistogram nBins="14" >
        <bin index="13" start="0.013" width="0.001" count="5986" />
      </delayHistogram>
      <jitterHistogram nBins="1" >
        <bin index="0" start="0" width="0.001" count="5985" />
      </jitterHistogram>
      <packetSizeHistogram nBins="75" >
        <bin index="2" start="40" width="20" count="2" />
        <bin index="4" start="80" width="20" count="2" />
        <bin index="18" start="360" width="20" count="1" />
        <bin index="29" start="580" width="20" count="1" />
        <bin index="39" start="780" width="20" count="25" />
        <bin index="51" start="1020" width="20" count="1" />
        <bin index="68" start="1360" width="20" count="2" />
        <bin index="74" start="1480" width="20" count="5952" />
      </packetSizeHistogram>
      <flowInterruptionsHistogram nBins="5" >
        <bin index="4" start="1" width="0.25" count="1" />
      </flowInterruptionsHistogram>
    </Flow>
    <Flow flowId="28" timeFirstTxPacket="+3127928808.0ns" timeFirstRxPacket="+3140999999.0ns" timeLastTxPacket="+59973928799.0ns" timeLastRxPacket="+59986999999.0ns" delaySum="+78243569489.0ns" jitterSum="+468235.0ns" lastDelay="+13071200.0ns" txBytes="9097938" rxBytes="8940648" txPackets="6091" rxPackets="5986" lostPackets="86" timesForwarded="5986">
      <delayHistogram nBins="14" >
        <bin index="13" start="0.013" width="0.001" count="5986" />
      </delayHistogram>
      <jitterHistogram nBins="1" >
        <bin index="0" start="0" width="0.001" count="5985" />
      </jitterHistogram>
      <packetSizeHistogram nBins="75" >
        <bin index="2" start="40" width="20" count="2" />
        <bin index="4" start="80" width="20" count="2" />
        <bin index="18" start="360" width="20" count="1" />
        <bin index="29" start="580" width="20" count="1" />
        <bin index="39" start="780" width="20" count="25" />
        <bin index="51" start="1020" width="20" count="1" />
        <bin index="68" start="1360" width="20" count="2" />
        <bin index="74" start="1480" width="20" count="5952" />
      </packetSizeHistogram>
      <flowInterruptionsHistogram nBins="5" >
        <bin index="4" start="1" width="0.25" count="1" />
      </flowInterruptionsHistogram>
    </Flow>
    <Flow flowId="29" timeFirstTxPacket="+3128928730.0ns" timeFirstRxPacket="+3141999999.0ns" timeLastTxPacket="+59974928724.0ns" timeLastRxPacket="+59987999999.0ns" delaySum="+78244313851.0ns" jitterSum="+243416.0ns" lastDelay="+13071275.0ns" txBytes="9097938" rxBytes="8940648" txPackets="6091" rxPackets="5986" lostPackets="86" timesForwarded="5986">
      <delayHistogram nBins="14" >
        <bin index="13" start="0.013" width="0.001" count="5986" />
      </delayHistogram>
      <jitterHistogram nBins="1" >
        <bin index="0" start="0" width="0.001" count="5985" />
      </jitterHistogram>
      <packetSizeHistogram nBins="75" >
        <bin index="2" start="40" width="20" count="2" />
        <bin index="4" start="80" width="20" count="2" />
        <bin index="18" start="360" width="20" count="1" />
        <bin index="29" start="580" width="20" count="1" />
        <bin index="39" start="780" width="20" count="25" />
        <bin index="51" start="1020" width="20" count="1" />
        <bin index="68" start="1360" width="20" count="2" />
        <bin index="74" start="1480" width="20" count="5952" />
      </packetSizeHistogram>
      <flowInterruptionsHistogram nBins="5" >
        <bin index="4" start="1" width="0.25" count="1" />
      </flowInterruptionsHistogram>
    </Flow>
    <Flow flowId="30" timeFirstTxPacket="+3131928730.0ns" timeFirstRxPacket="+3144999999.0ns" timeLastTxPacket="+59977928724.0ns" timeLastRxPacket="+59990999999.0ns" delaySum="+78244014751.0ns" jitterSum="+481592.0ns" lastDelay="+13071275.0ns" txBytes="9097938" rxBytes="8940648" txPackets="6091" rxPackets="5986" lostPackets="86" timesForwarded="5986">
      <delayHistogram nBins="14" >
        <bin index="13" start="0.013" width="0.001" count="5986" />
      </delayHistogram>
      <jitterHistogram nBins="1" >
        <bin index="0" start="0" width="0.001" count="5985" />
      </jitterHistogram>
      <packetSizeHistogram nBins="75" >
        <bin index="2" start="40" width="20" count="2" />
        <bin index="4" start="80" width="20" count="2" />
        <bin index="18" start="360" width="20" count="1" />
        <bin index="29" start="580" width="20" count="1" />
        <bin index="39" start="780" width="20" count="25" />
        <bin index="51" start="1020" width="20" count="1" />
        <bin index="68" start="1360" width="20" count="2" />
        <bin index="74" start="1480" width="20" count="5952" />
      </packetSizeHistogram>
      <flowInterruptionsHistogram nBins="5" >
        <bin index="4" start="1" width="0.25" count="1" />
      </flowInterruptionsHistogram>
    </Flow>
    <Flow flowId="31" timeFirstTxPacket="+3131928808.0ns" timeFirstRxPacket="+3144999999.0ns" timeLastTxPacket="+59977928799.0ns" timeLastRxPacket="+59990999999.0ns" delaySum="+78243490636.0ns" jitterSum="+492245.0ns" lastDelay="+13071200.0ns" txBytes="9097938" rxBytes="8940648" txPackets="6091" rxPackets="5986" lostPackets="86" timesForwarded="5986">
      <delayHistogram nBins="14" >
        <bin index="13" start="0.013" width="0.001" count="5986" />
      </delayHistogram>
      <jitterHistogram nBins="1" >
        <bin index="0" start="0" width="0.001" count="5985" />
      </jitterHistogram>
      <packetSizeHistogram nBins="75" >
        <bin index="2" start="40" width="20" count="2" />
        <bin index="4" start="80" width="20" count="2" />
        <bin index="18" start="360" width="20" count="1" />
        <bin index="29" start="580" width="20" count="1" />
        <bin index="39" start="780" width="20" count="25" />
        <bin index="51" start="1020" width="20" count="1" />
        <bin index="68" start="1360" width="20" count="2" />
        <bin index="74" start="1480" width="20" count="5952" />
      </packetSizeHistogram>
      <flowInterruptionsHistogram nBins="5" >
        <bin index="4" start="1" width="0.25" count="1" />
      </flowInterruptionsHistogram>
    </Flow>
  </FlowStats>
  <Ipv4FlowClassifier>
    <Flow flowId="22" sourceAddress="1.0.0.2" destinationAddress="7.0.0.2" protocol="6" sourcePort="80" destinationPort="49153">
      <Dscp value="0x0" packets="6091" />
    </Flow>
    <Flow flowId="24" sourceAddress="1.0.0.2" destinationAddress="7.0.0.3" protocol="6" sourcePort="80" destinationPort="49153">
      <Dscp value="0x0" packets="6091" />
    </Flow>
    <Flow flowId="25" sourceAddress="1.0.0.2" destinationAddress="7.0.0.4" protocol="6" sourcePort="80" destinationPort="49153">
      <Dscp value="0x0" packets="6091" />
    </Flow>
    <Flow flowId="26" sourceAddress="1.0.0.2" destinationAddress="7.0.0.5" protocol="6" sourcePort="80" destinationPort="49153">
      <Dscp value="0x0" packets="6091" />
    </Flow>
    <Flow flowId="27" sourceAddress="1.0.0.2" destinationAddress="7.0.0.6" protocol="6" sourcePort="80" destinationPort="49153">
      <Dscp value="0x0" packets="6091" />
    </Flow>
    <Flow flowId="30" sourceAddress="1.0.0.2" destinationAddress="7.0.0.8" protocol="6" sourcePort="80" destinationPort="49153">
      <Dscp value="0x0" packets="6091" />
    </Flow>
    <Flow flowId="29" sourceAddress="1.0.0.2" destinationAddress="7.0.0.9" protocol="6" sourcePort="80" destinationPort="49153">
      <Dscp value="0x0" packets="6091" />
    </Flow>
    <Flow flowId="21" sourceAddress="1.0.0.2" destinationAddress="7.0.0.10" protocol="6" sourcePort="80" destinationPort="49153">
      <Dscp value="0x0" packets="6091" />
    </Flow>
    <Flow flowId="19" sourceAddress="1.0.0.2" destinationAddress="7.0.0.11" protocol="6" sourcePort="80" destinationPort="49153">
      <Dscp value="0x0" packets="6091" />
    </Flow>
    <Flow flowId="28" sourceAddress="1.0.0.2" destinationAddress="7.0.0.12" protocol="6" sourcePort="80" destinationPort="49153">
      <Dscp value="0x0" packets="6091" />
    </Flow>
    <Flow flowId="23" sourceAddress="1.0.0.2" destinationAddress="7.0.0.13" protocol="6" sourcePort="80" destinationPort="49153">
      <Dscp value="0x0" packets="6091" />
    </Flow>
    <Flow flowId="31" sourceAddress="1.0.0.2" destinationAddress="7.0.0.14" protocol="6" sourcePort="80" destinationPort="49153">
      <Dscp value="0x0" packets="6091" />
    </Flow>
    <Flow flowId="20" sourceAddress="1.0.0.2" destinationAddress="7.0.0.15" protocol="6" sourcePort="80" destinationPort="49153">
      <Dscp value="0x0" packets="6091" />
    </Flow>
    <Flow flowId="4" sourceAddress="7.0.0.2" destinationAddress="1.0.0.2" protocol="6" sourcePort="49153" destinationPort="80">
      <Dscp value="0x0" packets="3480" />
    </Flow>
    <Flow flowId="8" sourceAddress="7.0.0.3" destinationAddress="1.0.0.2" protocol="6" sourcePort="49153" destinationPort="80">
      <Dscp value="0x0" packets="3480" />
    </Flow>
    <Flow flowId="6" sourceAddress="7.0.0.4" destinationAddress="1.0.0.2" protocol="6" sourcePort="49153" destinationPort="80">
      <Dscp value="0x0" packets="3480" />
    </Flow>
    <Flow flowId="7" sourceAddress="7.0.0.5" destinationAddress="1.0.0.2" protocol="6" sourcePort="49153" destinationPort="80">
      <Dscp value="0x0" packets="3480" />
    </Flow>
    <Flow flowId="10" sourceAddress="7.0.0.6" destinationAddress="1.0.0.2" protocol="6" sourcePort="49153" destinationPort="80">
      <Dscp value="0x0" packets="3480" />
    </Flow>
    <Flow flowId="11" sourceAddress="7.0.0.7" destinationAddress="1.0.0.2" protocol="6" sourcePort="49153" destinationPort="80">
      <Dscp value="0x0" packets="5" />
    </Flow>
    <Flow flowId="14" sourceAddress="7.0.0.8" destinationAddress="1.0.0.2" protocol="6" sourcePort="49153" destinationPort="80">
      <Dscp value="0x0" packets="3480" />
    </Flow>
    <Flow flowId="12" sourceAddress="7.0.0.9" destinationAddress="1.0.0.2" protocol="6" sourcePort="49153" destinationPort="80">
      <Dscp value="0x0" packets="3480" />
    </Flow>
    <Flow flowId="3" sourceAddress="7.0.0.10" destinationAddress="1.0.0.2" protocol="6" sourcePort="49153" destinationPort="80">
      <Dscp value="0x0" packets="3480" />
    </Flow>
    <Flow flowId="2" sourceAddress="7.0.0.11" destinationAddress="1.0.0.2" protocol="6" sourcePort="49153" destinationPort="80">
      <Dscp value="0x0" packets="3479" />
    </Flow>
    <Flow flowId="9" sourceAddress="7.0.0.12" destinationAddress="1.0.0.2" protocol="6" sourcePort="49153" destinationPort="80">
      <Dscp value="0x0" packets="3480" />
    </Flow>
    <Flow flowId="5" sourceAddress="7.0.0.13" destinationAddress="1.0.0.2" protocol="6" sourcePort="49153" destinationPort="80">
      <Dscp value="0x0" packets="3480" />
    </Flow>
    <Flow flowId="13" sourceAddress="7.0.0.14" destinationAddress="1.0.0.2" protocol="6" sourcePort="49153" destinationPort="80">
      <Dscp value="0x0" packets="3480" />
    </Flow>
    <Flow flowId="1" sourceAddress="7.0.0.15" destinationAddress="1.0.0.2" protocol="6" sourcePort="49153" destinationPort="80">
      <Dscp value="0x0" packets="3480" />
    </Flow>
    <Flow flowId="15" sourceAddress="13.0.0.5" destinationAddress="13.0.0.6" protocol="17" sourcePort="2123" destinationPort="2123">
      <Dscp value="0x0" packets="14" />
    </Flow>
    <Flow flowId="18" sourceAddress="13.0.0.6" destinationAddress="13.0.0.5" protocol="17" sourcePort="2123" destinationPort="2123">
      <Dscp value="0x0" packets="14" />
    </Flow>
    <Flow flowId="17" sourceAddress="14.0.0.5" destinationAddress="14.0.0.6" protocol="17" sourcePort="2123" destinationPort="2123">
      <Dscp value="0x0" packets="14" />
    </Flow>
    <Flow flowId="16" sourceAddress="14.0.0.6" destinationAddress="14.0.0.5" protocol="17" sourcePort="2123" destinationPort="2123">
      <Dscp value="0x0" packets="14" />
    </Flow>
  </Ipv4FlowClassifier>
  <Ipv6FlowClassifier>
  </Ipv6FlowClassifier>
  <FlowProbes>
    <FlowProbe index="0">
    </FlowProbe>
    <FlowProbe index="1">
    </FlowProbe>
    <FlowProbe index="2">
    </FlowProbe>
    <FlowProbe index="3">
    </FlowProbe>
    <FlowProbe index="4">
    </FlowProbe>
    <FlowProbe index="5">
    </FlowProbe>
    <FlowProbe index="6">
    </FlowProbe>
    <FlowProbe index="7">
    </FlowProbe>
    <FlowProbe index="8">
    </FlowProbe>
    <FlowProbe index="9">
    </FlowProbe>
    <FlowProbe index="10">
    </FlowProbe>
    <FlowProbe index="11">
    </FlowProbe>
    <FlowProbe index="12">
    </FlowProbe>
    <FlowProbe index="13">
    </FlowProbe>
    <FlowProbe index="14">
    </FlowProbe>
    <FlowProbe index="15">
    </FlowProbe>
    <FlowProbe index="16">
    </FlowProbe>
    <FlowProbe index="17">
    </FlowProbe>
    <FlowProbe index="18">
    </FlowProbe>
    <FlowProbe index="19">
    </FlowProbe>
    <FlowProbe index="20">
    </FlowProbe>
    <FlowProbe index="21">
    </FlowProbe>
    <FlowProbe index="22">
    </FlowProbe>
    <FlowProbe index="23">
    </FlowProbe>
    <FlowProbe index="24">
    </FlowProbe>
    <FlowProbe index="25">
    </FlowProbe>
    <FlowProbe index="26">
    </FlowProbe>
    <FlowProbe index="27">
    </FlowProbe>
    <FlowProbe index="28">
    </FlowProbe>
    <FlowProbe index="29">
    </FlowProbe>
    <FlowProbe index="30">
    </FlowProbe>
    <FlowProbe index="31">
    </FlowProbe>
    <FlowProbe index="32">
    </FlowProbe>
    <FlowProbe index="33">
    </FlowProbe>
    <FlowProbe index="34">
    </FlowProbe>
    <FlowProbe index="35">
    </FlowProbe>
    <FlowProbe index="36">
    </FlowProbe>
    <FlowProbe index="37">
    </FlowProbe>
    <FlowProbe index="38">
    </FlowProbe>
    <FlowProbe index="39">
    </FlowProbe>
    <FlowProbe index="40">
    </FlowProbe>
    <FlowProbe index="41">
    </FlowProbe>
    <FlowProbe index="42">
    </FlowProbe>
    <FlowProbe index="43">
    </FlowProbe>
    <FlowProbe index="44">
    </FlowProbe>
    <FlowProbe index="45">
    </FlowProbe>
    <FlowProbe index="46">
    </FlowProbe>
    <FlowProbe index="47">
    </FlowProbe>
    <FlowProbe index="48">
    </FlowProbe>
    <FlowProbe index="49">
    </FlowProbe>
    <FlowProbe index="50">
    </FlowProbe>
    <FlowProbe index="51">
    </FlowProbe>
    <FlowProbe index="52">
    </FlowProbe>
    <FlowProbe index="53">
    </FlowProbe>
    <FlowProbe index="54">
    </FlowProbe>
    <FlowProbe index="55">
    </FlowProbe>
    <FlowProbe index="56">
    </FlowProbe>
    <FlowProbe index="57">
    </FlowProbe>
    <FlowProbe index="58">
    </FlowProbe>
    <FlowProbe index="59">
    </FlowProbe>
    <FlowProbe index="60">
    </FlowProbe>
    <FlowProbe index="61">
    </FlowProbe>
    <FlowProbe index="62">
    </FlowProbe>
    <FlowProbe index="63">
    </FlowProbe>
    <FlowProbe index="64">
    </FlowProbe>
    <FlowProbe index="65">
    </FlowProbe>
    <FlowProbe index="66">
    </FlowProbe>
    <FlowProbe index="67">
    </FlowProbe>
    <FlowProbe index="68">
    </FlowProbe>
    <FlowProbe index="69">
    </FlowProbe>
    <FlowProbe index="70">
    </FlowProbe>
    <FlowProbe index="71">
    </FlowProbe>
    <FlowProbe index="72">
    </FlowProbe>
    <FlowProbe index="73">
    </FlowProbe>
    <FlowProbe index="74">
    </FlowProbe>
    <FlowProbe index="75">
    </FlowProbe>
    <FlowProbe index="76">
    </FlowProbe>
    <FlowProbe index="77">
    </FlowProbe>
    <FlowProbe index="78">
    </FlowProbe>
    <FlowProbe index="79">
    </FlowProbe>
    <FlowProbe index="80">
    </FlowProbe>
    <FlowProbe index="81">
    </FlowProbe>
    <FlowProbe index="82">
    </FlowProbe>
    <FlowProbe index="83">
    </FlowProbe>
    <FlowProbe index="84">
    </FlowProbe>
    <FlowProbe index="85">
    </FlowProbe>
    <FlowProbe index="86">
    </FlowProbe>
    <FlowProbe index="87">
    </FlowProbe>
    <FlowProbe index="88">
    </FlowProbe>
    <FlowProbe index="89">
    </FlowProbe>
    <FlowProbe index="90">
    </FlowProbe>
    <FlowProbe index="91">
    </FlowProbe>
    <FlowProbe index="92">
    </FlowProbe>
    <FlowProbe index="93">
    </FlowProbe>
    <FlowProbe index="94">
    </FlowProbe>
    <FlowProbe index="95">
    </FlowProbe>
    <FlowProbe index="96">
    </FlowProbe>
    <FlowProbe index="97">
    </FlowProbe>
    <FlowProbe index="98">
    </FlowProbe>
    <FlowProbe index="99">
    </FlowProbe>
    <FlowProbe index="100">
    </FlowProbe>
    <FlowProbe index="101">
    </FlowProbe>
    <FlowProbe index="102">
    </FlowProbe>
    <FlowProbe index="103">
    </FlowProbe>
    <FlowProbe index="104">
    </FlowProbe>
    <FlowProbe index="105">
    </FlowProbe>
    <FlowProbe index="106">
    </FlowProbe>
    <FlowProbe index="107">
    </FlowProbe>
    <FlowProbe index="108">
    </FlowProbe>
    <FlowProbe index="109">
    </FlowProbe>
    <FlowProbe index="110">
    </FlowProbe>
    <FlowProbe index="111">
    </FlowProbe>
    <FlowProbe index="112">
    </FlowProbe>
    <FlowProbe index="113">
    </FlowProbe>
    <FlowProbe index="114">
      <FlowStats  flowId="4" packets="3480" bytes="194649" delayFromFirstProbeSum="+0.0ns" >
      </FlowStats>
      <FlowStats  flowId="22" packets="5986" bytes="8940648" delayFromFirstProbeSum="+78244043128.0ns" >
      </FlowStats>
    </FlowProbe>
    <FlowProbe index="115">
    </FlowProbe>
    <FlowProbe index="116">
      <FlowStats  flowId="8" packets="3480" bytes="194649" delayFromFirstProbeSum="+0.0ns" >
      </FlowStats>
      <FlowStats  flowId="24" packets="5986" bytes="8940648" delayFromFirstProbeSum="+78244044478.0ns" >
      </FlowStats>
    </FlowProbe>
    <FlowProbe index="117">
    </FlowProbe>
    <FlowProbe index="118">
      <FlowStats  flowId="6" packets="3480" bytes="194649" delayFromFirstProbeSum="+0.0ns" >
      </FlowStats>
      <FlowStats  flowId="25" packets="5986" bytes="8940648" delayFromFirstProbeSum="+78251303810.0ns" >
      </FlowStats>
    </FlowProbe>
    <FlowProbe index="119">
    </FlowProbe>
    <FlowProbe index="120">
      <FlowStats  flowId="7" packets="3480" bytes="194649" delayFromFirstProbeSum="+0.0ns" >
      </FlowStats>
      <FlowStats  flowId="26" packets="5986" bytes="8940648" delayFromFirstProbeSum="+78243569411.0ns" >
      </FlowStats>
    </FlowProbe>
    <FlowProbe index="121">
    </FlowProbe>
    <FlowProbe index="122">
      <FlowStats  flowId="10" packets="3480" bytes="194649" delayFromFirstProbeSum="+0.0ns" >
      </FlowStats>
      <FlowStats  flowId="27" packets="5986" bytes="8940648" delayFromFirstProbeSum="+78244044478.0ns" >
      </FlowStats>
    </FlowProbe>
    <FlowProbe index="123">
    </FlowProbe>
    <FlowProbe index="124">
      <FlowStats  flowId="11" packets="5" bytes="280" delayFromFirstProbeSum="+0.0ns" >
      </FlowStats>
    </FlowProbe>
    <FlowProbe index="125">
    </FlowProbe>
    <FlowProbe index="126">
      <FlowStats  flowId="14" packets="3480" bytes="194649" delayFromFirstProbeSum="+0.0ns" >
      </FlowStats>
      <FlowStats  flowId="30" packets="5986" bytes="8940648" delayFromFirstProbeSum="+78244014751.0ns" >
      </FlowStats>
    </FlowProbe>
    <FlowProbe index="127">
    </FlowProbe>
    <FlowProbe index="128">
      <FlowStats  flowId="12" packets="3480" bytes="194649" delayFromFirstProbeSum="+0.0ns" >
      </FlowStats>
      <FlowStats  flowId="29" packets="5986" bytes="8940648" delayFromFirstProbeSum="+78244313851.0ns" >
      </FlowStats>
    </FlowProbe>
    <FlowProbe index="129">
    </FlowProbe>
    <FlowProbe index="130">
      <FlowStats  flowId="3" packets="3480" bytes="194649" delayFromFirstProbeSum="+0.0ns" >
      </FlowStats>
      <FlowStats  flowId="21" packets="5986" bytes="8940648" delayFromFirstProbeSum="+78244310854.0ns" >
      </FlowStats>
    </FlowProbe>
    <FlowProbe index="131">
    </FlowProbe>
    <FlowProbe index="132">
      <FlowStats  flowId="2" packets="3479" bytes="194597" delayFromFirstProbeSum="+0.0ns" >
      </FlowStats>
      <FlowStats  flowId="19" packets="5984" bytes="8937652" delayFromFirstProbeSum="+78260005085.0ns" >
      </FlowStats>
    </FlowProbe>
    <FlowProbe index="133">
    </FlowProbe>
    <FlowProbe index="134">
      <FlowStats  flowId="9" packets="3480" bytes="194649" delayFromFirstProbeSum="+0.0ns" >
      </FlowStats>
      <FlowStats  flowId="28" packets="5986" bytes="8940648" delayFromFirstProbeSum="+78243569489.0ns" >
      </FlowStats>
    </FlowProbe>
    <FlowProbe index="135">
    </FlowProbe>
    <FlowProbe index="136">
      <FlowStats  flowId="5" packets="3480" bytes="194649" delayFromFirstProbeSum="+0.0ns" >
      </FlowStats>
      <FlowStats  flowId="23" packets="5986" bytes="8940648" delayFromFirstProbeSum="+78243568139.0ns" >
      </FlowStats>
    </FlowProbe>
    <FlowProbe index="137">
    </FlowProbe>
    <FlowProbe index="138">
      <FlowStats  flowId="13" packets="3480" bytes="194649" delayFromFirstProbeSum="+0.0ns" >
      </FlowStats>
      <FlowStats  flowId="31" packets="5986" bytes="8940648" delayFromFirstProbeSum="+78243490636.0ns" >
      </FlowStats>
    </FlowProbe>
    <FlowProbe index="139">
    </FlowProbe>
    <FlowProbe index="140">
      <FlowStats  flowId="1" packets="3480" bytes="194649" delayFromFirstProbeSum="+0.0ns" >
      </FlowStats>
      <FlowStats  flowId="20" packets="5986" bytes="8940648" delayFromFirstProbeSum="+78244192956.0ns" >
      </FlowStats>
    </FlowProbe>
    <FlowProbe index="141">
    </FlowProbe>
    <FlowProbe index="142">
      <FlowStats  flowId="1" packets="3479" bytes="194593" delayFromFirstProbeSum="+41475340535.0ns" >
      </FlowStats>
      <FlowStats  flowId="2" packets="3478" bytes="194541" delayFromFirstProbeSum="+41582500720.0ns" >
      </FlowStats>
      <FlowStats  flowId="3" packets="3479" bytes="194593" delayFromFirstProbeSum="+41474823935.0ns" >
      </FlowStats>
      <FlowStats  flowId="4" packets="3479" bytes="194593" delayFromFirstProbeSum="+41475359328.0ns" >
      </FlowStats>
      <FlowStats  flowId="5" packets="3479" bytes="194593" delayFromFirstProbeSum="+41475587054.0ns" >
      </FlowStats>
      <FlowStats  flowId="6" packets="3478" bytes="194541" delayFromFirstProbeSum="+41462913996.0ns" >
      </FlowStats>
      <FlowStats  flowId="7" packets="3479" bytes="194593" delayFromFirstProbeSum="+41475338121.0ns" >
      </FlowStats>
      <FlowStats  flowId="8" packets="3479" bytes="194593" delayFromFirstProbeSum="+41474695163.0ns" >
      </FlowStats>
      <FlowStats  flowId="9" packets="3479" bytes="194593" delayFromFirstProbeSum="+41475814275.0ns" >
      </FlowStats>
      <FlowStats  flowId="10" packets="3479" bytes="194593" delayFromFirstProbeSum="+41475260160.0ns" >
      </FlowStats>
      <FlowStats  flowId="12" packets="3479" bytes="194593" delayFromFirstProbeSum="+41474807100.0ns" >
      </FlowStats>
      <FlowStats  flowId="13" packets="3478" bytes="194541" delayFromFirstProbeSum="+41463694868.0ns" >
      </FlowStats>
      <FlowStats  flowId="14" packets="3478" bytes="194541" delayFromFirstProbeSum="+41463204683.0ns" >
      </FlowStats>
      <FlowStats  flowId="16" packets="14" bytes="3990" delayFromFirstProbeSum="+3206.0ns" >
      </FlowStats>
      <FlowStats  flowId="17" packets="14" bytes="3738" delayFromFirstProbeSum="+0.0ns" >
      </FlowStats>
      <FlowStats  flowId="19" packets="6089" bytes="9094942" delayFromFirstProbeSum="+60892106544.0ns" >
      </FlowStats>
      <FlowStats  flowId="20" packets="6091" bytes="9097938" delayFromFirstProbeSum="+60911997007.0ns" >
      </FlowStats>
      <FlowStats  flowId="21" packets="6091" bytes="9097938" delayFromFirstProbeSum="+60911724397.0ns" >
      </FlowStats>
      <FlowStats  flowId="22" packets="6091" bytes="9097938" delayFromFirstProbeSum="+60912281563.0ns" >
      </FlowStats>
      <FlowStats  flowId="23" packets="6091" bytes="9097938" delayFromFirstProbeSum="+60913415358.0ns" >
      </FlowStats>
      <FlowStats  flowId="24" packets="6091" bytes="9097938" delayFromFirstProbeSum="+60912278767.0ns" >
      </FlowStats>
      <FlowStats  flowId="25" packets="6091" bytes="9097938" delayFromFirstProbeSum="+60911747768.0ns" >
      </FlowStats>
      <FlowStats  flowId="26" packets="6091" bytes="9097938" delayFromFirstProbeSum="+60913412562.0ns" >
      </FlowStats>
      <FlowStats  flowId="27" packets="6091" bytes="9097938" delayFromFirstProbeSum="+60912278767.0ns" >
      </FlowStats>
      <FlowStats  flowId="28" packets="6091" bytes="9097938" delayFromFirstProbeSum="+60913412562.0ns" >
      </FlowStats>
      <FlowStats  flowId="29" packets="6091" bytes="9097938" delayFromFirstProbeSum="+60911725005.0ns" >
      </FlowStats>
      <FlowStats  flowId="30" packets="6091" bytes="9097938" delayFromFirstProbeSum="+60912338702.0ns" >
      </FlowStats>
      <FlowStats  flowId="31" packets="6091" bytes="9097938" delayFromFirstProbeSum="+60913590245.0ns" >
      </FlowStats>
    </FlowProbe>
    <FlowProbe index="143">
    </FlowProbe>
    <FlowProbe index="144">
      <FlowStats  flowId="15" packets="14" bytes="3990" delayFromFirstProbeSum="+24045.0ns" >
      </FlowStats>
      <FlowStats  flowId="16" packets="14" bytes="3990" delayFromFirstProbeSum="+0.0ns" >
      </FlowStats>
      <FlowStats  flowId="17" packets="14" bytes="3738" delayFromFirstProbeSum="+3010.0ns" >
      </FlowStats>
      <FlowStats  flowId="18" packets="14" bytes="3738" delayFromFirstProbeSum="+0.0ns" >
      </FlowStats>
    </FlowProbe>
    <FlowProbe index="145">
    </FlowProbe>
    <FlowProbe index="146">
      <FlowStats  flowId="15" packets="14" bytes="3990" delayFromFirstProbeSum="+0.0ns" >
      </FlowStats>
      <FlowStats  flowId="18" packets="14" bytes="3738" delayFromFirstProbeSum="+3010.0ns" >
      </FlowStats>
    </FlowProbe>
    <FlowProbe index="147">
    </FlowProbe>
    <FlowProbe index="148">
      <FlowStats  flowId="1" packets="3478" bytes="194541" delayFromFirstProbeSum="+76243426286.0ns" >
      </FlowStats>
      <FlowStats  flowId="2" packets="3478" bytes="194541" delayFromFirstProbeSum="+76362515192.0ns" >
      </FlowStats>
      <FlowStats  flowId="3" packets="3478" bytes="194541" delayFromFirstProbeSum="+76242909686.0ns" >
      </FlowStats>
      <FlowStats  flowId="4" packets="3478" bytes="194541" delayFromFirstProbeSum="+76243445079.0ns" >
      </FlowStats>
      <FlowStats  flowId="5" packets="3478" bytes="194541" delayFromFirstProbeSum="+76243672730.0ns" >
      </FlowStats>
      <FlowStats  flowId="6" packets="3478" bytes="194541" delayFromFirstProbeSum="+76242928468.0ns" >
      </FlowStats>
      <FlowStats  flowId="7" packets="3478" bytes="194541" delayFromFirstProbeSum="+76243423797.0ns" >
      </FlowStats>
      <FlowStats  flowId="8" packets="3478" bytes="194541" delayFromFirstProbeSum="+76242780914.0ns" >
      </FlowStats>
      <FlowStats  flowId="9" packets="3478" bytes="194541" delayFromFirstProbeSum="+76243899951.0ns" >
      </FlowStats>
      <FlowStats  flowId="10" packets="3478" bytes="194541" delayFromFirstProbeSum="+76243345911.0ns" >
      </FlowStats>
      <FlowStats  flowId="12" packets="3478" bytes="194541" delayFromFirstProbeSum="+76242892851.0ns" >
      </FlowStats>
      <FlowStats  flowId="13" packets="3478" bytes="194541" delayFromFirstProbeSum="+76243709340.0ns" >
      </FlowStats>
      <FlowStats  flowId="14" packets="3478" bytes="194541" delayFromFirstProbeSum="+76243219155.0ns" >
      </FlowStats>
      <FlowStats  flowId="19" packets="6091" bytes="9097938" delayFromFirstProbeSum="+0.0ns" >
      </FlowStats>
      <FlowStats  flowId="20" packets="6091" bytes="9097938" delayFromFirstProbeSum="+0.0ns" >
      </FlowStats>
      <FlowStats  flowId="21" packets="6091" bytes="9097938" delayFromFirstProbeSum="+0.0ns" >
      </FlowStats>
      <FlowStats  flowId="22" packets="6091" bytes="9097938" delayFromFirstProbeSum="+0.0ns" >
      </FlowStats>
      <FlowStats  flowId="23" packets="6091" bytes="9097938" delayFromFirstProbeSum="+0.0ns" >
      </FlowStats>
      <FlowStats  flowId="24" packets="6091" bytes="9097938" delayFromFirstProbeSum="+0.0ns" >
      </FlowStats>
      <FlowStats  flowId="25" packets="6091" bytes="9097938" delayFromFirstProbeSum="+0.0ns" >
      </FlowStats>
      <FlowStats  flowId="26" packets="6091" bytes="9097938" delayFromFirstProbeSum="+0.0ns" >
      </FlowStats>
      <FlowStats  flowId="27" packets="6091" bytes="9097938" delayFromFirstProbeSum="+0.0ns" >
      </FlowStats>
      <FlowStats  flowId="28" packets="6091" bytes="9097938" delayFromFirstProbeSum="+0.0ns" >
      </FlowStats>
      <FlowStats  flowId="29" packets="6091" bytes="9097938" delayFromFirstProbeSum="+0.0ns" >
      </FlowStats>
      <FlowStats  flowId="30" packets="6091" bytes="9097938" delayFromFirstProbeSum="+0.0ns" >
      </FlowStats>
      <FlowStats  flowId="31" packets="6091" bytes="9097938" delayFromFirstProbeSum="+0.0ns" >
      </FlowStats>
    </FlowProbe>
    <FlowProbe index="149">
    </FlowProbe>
  </FlowProbes>
</FlowMonitor>
