<?xml version="1.0" ?>
<FlowMonitor>
  <FlowStats>
    <Flow flowId="1" timeFirstTxPacket="+100045216.0ns" timeFirstRxPacket="+3122928808.0ns" timeLastTxPacket="+19997999999.0ns" timeLastRxPacket="+19984928724.0ns" delaySum="+23112988215.0ns" jitterSum="+7080355.0ns" lastDelay="+21928725.0ns" txBytes="57908" rxBytes="57800" txPackets="1056" rxPackets="1054" lostPackets="1" timesForwarded="1054">
      <delayHistogram nBins="23" >
        <bin index="20" start="0.02" width="0.001" count="2" />
        <bin index="21" start="0.021" width="0.001" count="1050" />
        <bin index="22" start="0.022" width="0.001" count="2" />
      </delayHistogram>
      <jitterHistogram nBins="2" >
        <bin index="0" start="0" width="0.001" count="1051" />
        <bin index="1" start="0.001" width="0.001" count="2" />
      </jitterHistogram>
      <packetSizeHistogram nBins="14" >
        <bin index="2" start="40" width="20" count="788" />
        <bin index="3" start="60" width="20" count="262" />
        <bin index="12" start="240" width="20" count="1" />
        <bin index="13" start="260" width="20" count="3" />
      </packetSizeHistogram>
      <flowInterruptionsHistogram nBins="0" >
      </flowInterruptionsHistogram>
    </Flow>
    <Flow flowId="2" timeFirstTxPacket="+100956904.0ns" timeFirstRxPacket="+3122928730.0ns" timeLastTxPacket="+19971999999.0ns" timeLastRxPacket="+19993928799.0ns" delaySum="+23146138916.0ns" jitterSum="+70201432.0ns" lastDelay="+21928800.0ns" txBytes="57856" rxBytes="57800" txPackets="1055" rxPackets="1054" lostPackets="1" timesForwarded="1054">
      <delayHistogram nBins="23" >
        <bin index="20" start="0.02" width="0.001" count="1" />
        <bin index="21" start="0.021" width="0.001" count="1019" />
        <bin index="22" start="0.022" width="0.001" count="34" />
      </delayHistogram>
      <jitterHistogram nBins="2" >
        <bin index="0" start="0" width="0.001" count="1036" />
        <bin index="1" start="0.001" width="0.001" count="17" />
      </jitterHistogram>
      <packetSizeHistogram nBins="14" >
        <bin index="2" start="40" width="20" count="788" />
        <bin index="3" start="60" width="20" count="262" />
        <bin index="12" start="240" width="20" count="1" />
        <bin index="13" start="260" width="20" count="3" />
      </packetSizeHistogram>
      <flowInterruptionsHistogram nBins="0" >
      </flowInterruptionsHistogram>
    </Flow>
    <Flow flowId="3" timeFirstTxPacket="+101484803.0ns" timeFirstRxPacket="+3123928730.0ns" timeLastTxPacket="+19998999999.0ns" timeLastRxPacket="+19985928724.0ns" delaySum="+23112482929.0ns" jitterSum="+6604154.0ns" lastDelay="+21928725.0ns" txBytes="57908" rxBytes="57800" txPackets="1056" rxPackets="1054" lostPackets="1" timesForwarded="1054">
      <delayHistogram nBins="23" >
        <bin index="20" start="0.02" width="0.001" count="2" />
        <bin index="21" start="0.021" width="0.001" count="1050" />
        <bin index="22" start="0.022" width="0.001" count="2" />
      </delayHistogram>
      <jitterHistogram nBins="2" >
        <bin index="0" start="0" width="0.001" count="1051" />
        <bin index="1" start="0.001" width="0.001" count="2" />
      </jitterHistogram>
      <packetSizeHistogram nBins="14" >
        <bin index="2" start="40" width="20" count="788" />
        <bin index="3" start="60" width="20" count="262" />
        <bin index="12" start="240" width="20" count="1" />
        <bin index="13" start="260" width="20" count="3" />
      </packetSizeHistogram>
      <flowInterruptionsHistogram nBins="0" >
      </flowInterruptionsHistogram>
    </Flow>
    <Flow flowId="4" timeFirstTxPacket="+102199922.0ns" timeFirstRxPacket="+3124928730.0ns" timeLastTxPacket="+19999999999.0ns" timeLastRxPacket="+19986928724.0ns" delaySum="+23112843923.0ns" jitterSum="+6977871.0ns" lastDelay="+21928725.0ns" txBytes="57908" rxBytes="57800" txPackets="1056" rxPackets="1054" lostPackets="1" timesForwarded="1054">
      <delayHistogram nBins="23" >
        <bin index="20" start="0.02" width="0.001" count="2" />
        <bin index="21" start="0.021" width="0.001" count="1050" />
        <bin index="22" start="0.022" width="0.001" count="2" />
      </delayHistogram>
      <jitterHistogram nBins="2" >
        <bin index="0" start="0" width="0.001" count="1051" />
        <bin index="1" start="0.001" width="0.001" count="2" />
      </jitterHistogram>
      <packetSizeHistogram nBins="14" >
        <bin index="2" start="40" width="20" count="788" />
        <bin index="3" start="60" width="20" count="262" />
        <bin index="12" start="240" width="20" count="1" />
        <bin index="13" start="260" width="20" count="3" />
      </packetSizeHistogram>
      <flowInterruptionsHistogram nBins="0" >
      </flowInterruptionsHistogram>
    </Flow>
    <Flow flowId="5" timeFirstTxPacket="+102243730.0ns" timeFirstRxPacket="+3124928808.0ns" timeLastTxPacket="+19999999999.0ns" timeLastRxPacket="+19986928799.0ns" delaySum="+23112883142.0ns" jitterSum="+6933642.0ns" lastDelay="+21928800.0ns" txBytes="57908" rxBytes="57800" txPackets="1056" rxPackets="1054" lostPackets="1" timesForwarded="1054">
      <delayHistogram nBins="23" >
        <bin index="20" start="0.02" width="0.001" count="2" />
        <bin index="21" start="0.021" width="0.001" count="1050" />
        <bin index="22" start="0.022" width="0.001" count="2" />
      </delayHistogram>
      <jitterHistogram nBins="2" >
        <bin index="0" start="0" width="0.001" count="1051" />
        <bin index="1" start="0.001" width="0.001" count="2" />
      </jitterHistogram>
      <packetSizeHistogram nBins="14" >
        <bin index="2" start="40" width="20" count="788" />
        <bin index="3" start="60" width="20" count="262" />
        <bin index="12" start="240" width="20" count="1" />
        <bin index="13" start="260" width="20" count="3" />
      </packetSizeHistogram>
      <flowInterruptionsHistogram nBins="0" >
      </flowInterruptionsHistogram>
    </Flow>
    <Flow flowId="6" timeFirstTxPacket="+104469063.0ns" timeFirstRxPacket="+3126928808.0ns" timeLastTxPacket="+19973999999.0ns" timeLastRxPacket="+19995928724.0ns" delaySum="+23112492510.0ns" jitterSum="+6618838.0ns" lastDelay="+21928725.0ns" txBytes="57856" rxBytes="57800" txPackets="1055" rxPackets="1054" lostPackets="1" timesForwarded="1054">
      <delayHistogram nBins="23" >
        <bin index="20" start="0.02" width="0.001" count="2" />
        <bin index="21" start="0.021" width="0.001" count="1050" />
        <bin index="22" start="0.022" width="0.001" count="2" />
      </delayHistogram>
      <jitterHistogram nBins="2" >
        <bin index="0" start="0" width="0.001" count="1051" />
        <bin index="1" start="0.001" width="0.001" count="2" />
      </jitterHistogram>
      <packetSizeHistogram nBins="14" >
        <bin index="2" start="40" width="20" count="788" />
        <bin index="3" start="60" width="20" count="262" />
        <bin index="12" start="240" width="20" count="1" />
        <bin index="13" start="260" width="20" count="3" />
      </packetSizeHistogram>
      <flowInterruptionsHistogram nBins="0" >
      </flowInterruptionsHistogram>
    </Flow>
    <Flow flowId="7" timeFirstTxPacket="+104492516.0ns" timeFirstRxPacket="+3126928886.0ns" timeLastTxPacket="+19966999999.0ns" timeLastRxPacket="+19988928799.0ns" delaySum="+23112630609.0ns" jitterSum="+6683524.0ns" lastDelay="+21928800.0ns" txBytes="57856" rxBytes="57800" txPackets="1055" rxPackets="1054" lostPackets="1" timesForwarded="1054">
      <delayHistogram nBins="23" >
        <bin index="20" start="0.02" width="0.001" count="2" />
        <bin index="21" start="0.021" width="0.001" count="1050" />
        <bin index="22" start="0.022" width="0.001" count="2" />
      </delayHistogram>
      <jitterHistogram nBins="2" >
        <bin index="0" start="0" width="0.001" count="1051" />
        <bin index="1" start="0.001" width="0.001" count="2" />
      </jitterHistogram>
      <packetSizeHistogram nBins="14" >
        <bin index="2" start="40" width="20" count="788" />
        <bin index="3" start="60" width="20" count="262" />
        <bin index="12" start="240" width="20" count="1" />
        <bin index="13" start="260" width="20" count="3" />
      </packetSizeHistogram>
      <flowInterruptionsHistogram nBins="0" >
      </flowInterruptionsHistogram>
    </Flow>
    <Flow flowId="8" timeFirstTxPacket="+104863862.0ns" timeFirstRxPacket="+3126928730.0ns" timeLastTxPacket="+19966999999.0ns" timeLastRxPacket="+19988928724.0ns" delaySum="+23112177850.0ns" jitterSum="+6312497.0ns" lastDelay="+21928725.0ns" txBytes="57856" rxBytes="57800" txPackets="1055" rxPackets="1054" lostPackets="1" timesForwarded="1054">
      <delayHistogram nBins="23" >
        <bin index="20" start="0.02" width="0.001" count="2" />
        <bin index="21" start="0.021" width="0.001" count="1050" />
        <bin index="22" start="0.022" width="0.001" count="2" />
      </delayHistogram>
      <jitterHistogram nBins="2" >
        <bin index="0" start="0" width="0.001" count="1051" />
        <bin index="1" start="0.001" width="0.001" count="2" />
      </jitterHistogram>
      <packetSizeHistogram nBins="14" >
        <bin index="2" start="40" width="20" count="788" />
        <bin index="3" start="60" width="20" count="262" />
        <bin index="12" start="240" width="20" count="1" />
        <bin index="13" start="260" width="20" count="3" />
      </packetSizeHistogram>
      <flowInterruptionsHistogram nBins="0" >
      </flowInterruptionsHistogram>
    </Flow>
    <Flow flowId="9" timeFirstTxPacket="+105016284.0ns" timeFirstRxPacket="+3127928808.0ns" timeLastTxPacket="+19967999999.0ns" timeLastRxPacket="+19989928799.0ns" delaySum="+23113106763.0ns" jitterSum="+7159678.0ns" lastDelay="+21928800.0ns" txBytes="57856" rxBytes="57800" txPackets="1055" rxPackets="1054" lostPackets="1" timesForwarded="1054">
      <delayHistogram nBins="23" >
        <bin index="20" start="0.02" width="0.001" count="2" />
        <bin index="21" start="0.021" width="0.001" count="1050" />
        <bin index="22" start="0.022" width="0.001" count="2" />
      </delayHistogram>
      <jitterHistogram nBins="2" >
        <bin index="0" start="0" width="0.001" count="1051" />
        <bin index="1" start="0.001" width="0.001" count="2" />
      </jitterHistogram>
      <packetSizeHistogram nBins="14" >
        <bin index="2" start="40" width="20" count="788" />
        <bin index="3" start="60" width="20" count="262" />
        <bin index="12" start="240" width="20" count="1" />
        <bin index="13" start="260" width="20" count="3" />
      </packetSizeHistogram>
      <flowInterruptionsHistogram nBins="0" >
      </flowInterruptionsHistogram>
    </Flow>
    <Flow flowId="10" timeFirstTxPacket="+105298865.0ns" timeFirstRxPacket="+3127928730.0ns" timeLastTxPacket="+19967999999.0ns" timeLastRxPacket="+19989928724.0ns" delaySum="+23112742847.0ns" jitterSum="+6877494.0ns" lastDelay="+21928725.0ns" txBytes="57856" rxBytes="57800" txPackets="1055" rxPackets="1054" lostPackets="1" timesForwarded="1054">
      <delayHistogram nBins="23" >
        <bin index="20" start="0.02" width="0.001" count="2" />
        <bin index="21" start="0.021" width="0.001" count="1050" />
        <bin index="22" start="0.022" width="0.001" count="2" />
      </delayHistogram>
      <jitterHistogram nBins="2" >
        <bin index="0" start="0" width="0.001" count="1051" />
        <bin index="1" start="0.001" width="0.001" count="2" />
      </jitterHistogram>
      <packetSizeHistogram nBins="14" >
        <bin index="2" start="40" width="20" count="788" />
        <bin index="3" start="60" width="20" count="262" />
        <bin index="12" start="240" width="20" count="1" />
        <bin index="13" start="260" width="20" count="3" />
      </packetSizeHistogram>
      <flowInterruptionsHistogram nBins="0" >
      </flowInterruptionsHistogram>
    </Flow>
    <Flow flowId="11" timeFirstTxPacket="+105908801.0ns" timeFirstRxPacket="+0.0ns" timeLastTxPacket="+9105908801.0ns" timeLastRxPacket="+0.0ns" delaySum="+0.0ns" jitterSum="+0.0ns" lastDelay="+0.0ns" txBytes="168" rxBytes="0" txPackets="3" rxPackets="0" lostPackets="3" timesForwarded="0">
      <delayHistogram nBins="0" >
      </delayHistogram>
      <jitterHistogram nBins="0" >
      </jitterHistogram>
      <packetSizeHistogram nBins="0" >
      </packetSizeHistogram>
      <flowInterruptionsHistogram nBins="0" >
      </flowInterruptionsHistogram>
    </Flow>
    <Flow flowId="12" timeFirstTxPacket="+106494996.0ns" timeFirstRxPacket="+3128928730.0ns" timeLastTxPacket="+19968999999.0ns" timeLastRxPacket="+19990928724.0ns" delaySum="+23112466499.0ns" jitterSum="+6592827.0ns" lastDelay="+21928725.0ns" txBytes="57856" rxBytes="57800" txPackets="1055" rxPackets="1054" lostPackets="1" timesForwarded="1054">
      <delayHistogram nBins="23" >
        <bin index="20" start="0.02" width="0.001" count="2" />
        <bin index="21" start="0.021" width="0.001" count="1050" />
        <bin index="22" start="0.022" width="0.001" count="2" />
      </delayHistogram>
      <jitterHistogram nBins="2" >
        <bin index="0" start="0" width="0.001" count="1051" />
        <bin index="1" start="0.001" width="0.001" count="2" />
      </jitterHistogram>
      <packetSizeHistogram nBins="14" >
        <bin index="2" start="40" width="20" count="788" />
        <bin index="3" start="60" width="20" count="262" />
        <bin index="12" start="240" width="20" count="1" />
        <bin index="13" start="260" width="20" count="3" />
      </packetSizeHistogram>
      <flowInterruptionsHistogram nBins="0" >
      </flowInterruptionsHistogram>
    </Flow>
    <Flow flowId="13" timeFirstTxPacket="+109262643.0ns" timeFirstRxPacket="+3131928808.0ns" timeLastTxPacket="+19971999999.0ns" timeLastRxPacket="+19993928874.0ns" delaySum="+23112943579.0ns" jitterSum="+6957164.0ns" lastDelay="+21928875.0ns" txBytes="57856" rxBytes="57800" txPackets="1055" rxPackets="1054" lostPackets="1" timesForwarded="1054">
      <delayHistogram nBins="23" >
        <bin index="20" start="0.02" width="0.001" count="2" />
        <bin index="21" start="0.021" width="0.001" count="1050" />
        <bin index="22" start="0.022" width="0.001" count="2" />
      </delayHistogram>
      <jitterHistogram nBins="2" >
        <bin index="0" start="0" width="0.001" count="1051" />
        <bin index="1" start="0.001" width="0.001" count="2" />
      </jitterHistogram>
      <packetSizeHistogram nBins="14" >
        <bin index="2" start="40" width="20" count="788" />
        <bin index="3" start="60" width="20" count="262" />
        <bin index="12" start="240" width="20" count="1" />
        <bin index="13" start="260" width="20" count="3" />
      </packetSizeHistogram>
      <flowInterruptionsHistogram nBins="0" >
      </flowInterruptionsHistogram>
    </Flow>
    <Flow flowId="14" timeFirstTxPacket="+109453635.0ns" timeFirstRxPacket="+3131928730.0ns" timeLastTxPacket="+19971999999.0ns" timeLastRxPacket="+19993928724.0ns" delaySum="+23112630488.0ns" jitterSum="+6769602.0ns" lastDelay="+21928725.0ns" txBytes="57856" rxBytes="57800" txPackets="1055" rxPackets="1054" lostPackets="1" timesForwarded="1054">
      <delayHistogram nBins="23" >
        <bin index="20" start="0.02" width="0.001" count="2" />
        <bin index="21" start="0.021" width="0.001" count="1050" />
        <bin index="22" start="0.022" width="0.001" count="2" />
      </delayHistogram>
      <jitterHistogram nBins="2" >
        <bin index="0" start="0" width="0.001" count="1051" />
        <bin index="1" start="0.001" width="0.001" count="2" />
      </jitterHistogram>
      <packetSizeHistogram nBins="14" >
        <bin index="2" start="40" width="20" count="788" />
        <bin index="3" start="60" width="20" count="262" />
        <bin index="12" start="240" width="20" count="1" />
        <bin index="13" start="260" width="20" count="3" />
      </packetSizeHistogram>
      <flowInterruptionsHistogram nBins="0" >
      </flowInterruptionsHistogram>
    </Flow>
    <Flow flowId="15" timeFirstTxPacket="+260214285.0ns" timeFirstRxPacket="+260214514.0ns" timeLastTxPacket="+260214285.0ns" timeLastRxPacket="+260217491.0ns" delaySum="+24045.0ns" jitterSum="+2977.0ns" lastDelay="+3206.0ns" txBytes="3990" rxBytes="3990" txPackets="14" rxPackets="14" lostPackets="0" timesForwarded="0">
      <delayHistogram nBins="1" >
        <bin index="0" start="0" width="0.001" count="14" />
      </delayHistogram>
      <jitterHistogram nBins="1" >
        <bin index="0" start="0" width="0.001" count="13" />
      </jitterHistogram>
      <packetSizeHistogram nBins="15" >
        <bin index="14" start="280" width="20" count="14" />
      </packetSizeHistogram>
      <flowInterruptionsHistogram nBins="0" >
      </flowInterruptionsHistogram>
    </Flow>
    <Flow flowId="16" timeFirstTxPacket="+260214514.0ns" timeFirstRxPacket="+260214743.0ns" timeLastTxPacket="+260217491.0ns" timeLastRxPacket="+260217720.0ns" delaySum="+3206.0ns" jitterSum="+0.0ns" lastDelay="+229.0ns" txBytes="3990" rxBytes="3990" txPackets="14" rxPackets="14" lostPackets="0" timesForwarded="0">
      <delayHistogram nBins="1" >
        <bin index="0" start="0" width="0.001" count="14" />
      </delayHistogram>
      <jitterHistogram nBins="1" >
        <bin index="0" start="0" width="0.001" count="13" />
      </jitterHistogram>
      <packetSizeHistogram nBins="15" >
        <bin index="14" start="280" width="20" count="14" />
      </packetSizeHistogram>
      <flowInterruptionsHistogram nBins="0" >
      </flowInterruptionsHistogram>
    </Flow>
    <Flow flowId="17" timeFirstTxPacket="+260214743.0ns" timeFirstRxPacket="+260214958.0ns" timeLastTxPacket="+260217720.0ns" timeLastRxPacket="+260217935.0ns" delaySum="+3010.0ns" jitterSum="+0.0ns" lastDelay="+215.0ns" txBytes="3738" rxBytes="3738" txPackets="14" rxPackets="14" lostPackets="0" timesForwarded="0">
      <delayHistogram nBins="1" >
        <bin index="0" start="0" width="0.001" count="14" />
      </delayHistogram>
      <jitterHistogram nBins="1" >
        <bin index="0" start="0" width="0.001" count="13" />
      </jitterHistogram>
      <packetSizeHistogram nBins="14" >
        <bin index="13" start="260" width="20" count="14" />
      </packetSizeHistogram>
      <flowInterruptionsHistogram nBins="0" >
      </flowInterruptionsHistogram>
    </Flow>
    <Flow flowId="18" timeFirstTxPacket="+260214958.0ns" timeFirstRxPacket="+260215173.0ns" timeLastTxPacket="+260217935.0ns" timeLastRxPacket="+260218150.0ns" delaySum="+3010.0ns" jitterSum="+0.0ns" lastDelay="+215.0ns" txBytes="3738" rxBytes="3738" txPackets="14" rxPackets="14" lostPackets="0" timesForwarded="0">
      <delayHistogram nBins="1" >
        <bin index="0" start="0" width="0.001" count="14" />
      </delayHistogram>
      <jitterHistogram nBins="1" >
        <bin index="0" start="0" width="0.001" count="13" />
      </jitterHistogram>
      <packetSizeHistogram nBins="14" >
        <bin index="13" start="260" width="20" count="14" />
      </packetSizeHistogram>
      <flowInterruptionsHistogram nBins="0" >
      </flowInterruptionsHistogram>
    </Flow>
    <Flow flowId="19" timeFirstTxPacket="+3122928730.0ns" timeFirstRxPacket="+3135999999.0ns" timeLastTxPacket="+19993928799.0ns" timeLastRxPacket="+19971999999.0ns" delaySum="+23628355184.0ns" jitterSum="+14172707.0ns" lastDelay="+13070708.0ns" txBytes="2757175" rxBytes="2698753" txPackets="1844" rxPackets="1805" lostPackets="18" timesForwarded="1805">
      <delayHistogram nBins="21" >
        <bin index="13" start="0.013" width="0.001" count="1800" />
        <bin index="20" start="0.02" width="0.001" count="5" />
      </delayHistogram>
      <jitterHistogram nBins="8" >
        <bin index="0" start="0" width="0.001" count="1802" />
        <bin index="6" start="0.006" width="0.001" count="1" />
        <bin index="7" start="0.007" width="0.001" count="1" />
      </jitterHistogram>
      <packetSizeHistogram nBins="75" >
        <bin index="2" start="40" width="20" count="2" />
        <bin index="5" start="100" width="20" count="1" />
        <bin index="45" start="900" width="20" count="1" />
        <bin index="60" start="1200" width="20" count="1" />
        <bin index="74" start="1480" width="20" count="1800" />
      </packetSizeHistogram>
      <flowInterruptionsHistogram nBins="0" >
      </flowInterruptionsHistogram>
    </Flow>
    <Flow flowId="20" timeFirstTxPacket="+3122928808.0ns" timeFirstRxPacket="+3135999999.0ns" timeLastTxPacket="+19984928724.0ns" timeLastRxPacket="+19997999999.0ns" delaySum="+23619600139.0ns" jitterSum="+100582.0ns" lastDelay="+13071275.0ns" txBytes="2757175" rxBytes="2701749" txPackets="1844" rxPackets="1807" lostPackets="18" timesForwarded="1807">
      <delayHistogram nBins="14" >
        <bin index="13" start="0.013" width="0.001" count="1807" />
      </delayHistogram>
      <jitterHistogram nBins="1" >
        <bin index="0" start="0" width="0.001" count="1806" />
      </jitterHistogram>
      <packetSizeHistogram nBins="75" >
        <bin index="2" start="40" width="20" count="2" />
        <bin index="5" start="100" width="20" count="1" />
        <bin index="45" start="900" width="20" count="1" />
        <bin index="60" start="1200" width="20" count="1" />
        <bin index="74" start="1480" width="20" count="1802" />
      </packetSizeHistogram>
      <flowInterruptionsHistogram nBins="0" >
      </flowInterruptionsHistogram>
    </Flow>
    <Flow flowId="21" timeFirstTxPacket="+3123928730.0ns" timeFirstRxPacket="+3136999999.0ns" timeLastTxPacket="+19985928724.0ns" timeLastRxPacket="+19998999999.0ns" delaySum="+23619698317.0ns" jitterSum="+71122.0ns" lastDelay="+13071275.0ns" txBytes="2757175" rxBytes="2701749" txPackets="1844" rxPackets="1807" lostPackets="18" timesForwarded="1807">
      <delayHistogram nBins="14" >
        <bin index="13" start="0.013" width="0.001" count="1807" />
      </delayHistogram>
      <jitterHistogram nBins="1" >
        <bin index="0" start="0" width="0.001" count="1806" />
      </jitterHistogram>
      <packetSizeHistogram nBins="75" >
        <bin index="2" start="40" width="20" count="2" />
        <bin index="5" start="100" width="20" count="1" />
        <bin index="45" start="900" width="20" count="1" />
        <bin index="60" start="1200" width="20" count="1" />
        <bin index="74" start="1480" width="20" count="1802" />
      </packetSizeHistogram>
      <flowInterruptionsHistogram nBins="0" >
      </flowInterruptionsHistogram>
    </Flow>
    <Flow flowId="22" timeFirstTxPacket="+3124928730.0ns" timeFirstRxPacket="+3137999999.0ns" timeLastTxPacket="+19986928724.0ns" timeLastRxPacket="+19999999999.0ns" delaySum="+23619614959.0ns" jitterSum="+138576.0ns" lastDelay="+13071275.0ns" txBytes="2757175" rxBytes="2701749" txPackets="1844" rxPackets="1807" lostPackets="18" timesForwarded="1807">
      <delayHistogram nBins="14" >
        <bin index="13" start="0.013" width="0.001" count="1807" />
      </delayHistogram>
      <jitterHistogram nBins="1" >
        <bin index="0" start="0" width="0.001" count="1806" />
      </jitterHistogram>
      <packetSizeHistogram nBins="75" >
        <bin index="2" start="40" width="20" count="2" />
        <bin index="5" start="100" width="20" count="1" />
        <bin index="45" start="900" width="20" count="1" />
        <bin index="60" start="1200" width="20" count="1" />
        <bin index="74" start="1480" width="20" count="1802" />
      </packetSizeHistogram>
      <flowInterruptionsHistogram nBins="0" >
      </flowInterruptionsHistogram>
    </Flow>
    <Flow flowId="23" timeFirstTxPacket="+3124928808.0ns" timeFirstRxPacket="+3137999999.0ns" timeLastTxPacket="+19986928799.0ns" timeLastRxPacket="+19999999999.0ns" delaySum="+23619472930.0ns" jitterSum="+139561.0ns" lastDelay="+13071200.0ns" txBytes="2757175" rxBytes="2701749" txPackets="1844" rxPackets="1807" lostPackets="18" timesForwarded="1807">
      <delayHistogram nBins="14" >
        <bin index="13" start="0.013" width="0.001" count="1807" />
      </delayHistogram>
      <jitterHistogram nBins="1" >
        <bin index="0" start="0" width="0.001" count="1806" />
      </jitterHistogram>
      <packetSizeHistogram nBins="75" >
        <bin index="2" start="40" width="20" count="2" />
        <bin index="5" start="100" width="20" count="1" />
        <bin index="45" start="900" width="20" count="1" />
        <bin index="60" start="1200" width="20" count="1" />
        <bin index="74" start="1480" width="20" count="1802" />
      </packetSizeHistogram>
      <flowInterruptionsHistogram nBins="0" >
      </flowInterruptionsHistogram>
    </Flow>
    <Flow flowId="24" timeFirstTxPacket="+3126928730.0ns" timeFirstRxPacket="+3139999999.0ns" timeLastTxPacket="+19988928724.0ns" timeLastRxPacket="+19966999999.0ns" delaySum="+23593475145.0ns" jitterSum="+136560.0ns" lastDelay="+13070945.0ns" txBytes="2757175" rxBytes="2698753" txPackets="1844" rxPackets="1805" lostPackets="18" timesForwarded="1805">
      <delayHistogram nBins="14" >
        <bin index="13" start="0.013" width="0.001" count="1805" />
      </delayHistogram>
      <jitterHistogram nBins="1" >
        <bin index="0" start="0" width="0.001" count="1804" />
      </jitterHistogram>
      <packetSizeHistogram nBins="75" >
        <bin index="2" start="40" width="20" count="2" />
        <bin index="5" start="100" width="20" count="1" />
        <bin index="45" start="900" width="20" count="1" />
        <bin index="60" start="1200" width="20" count="1" />
        <bin index="74" start="1480" width="20" count="1800" />
      </packetSizeHistogram>
      <flowInterruptionsHistogram nBins="0" >
      </flowInterruptionsHistogram>
    </Flow>
    <Flow flowId="25" timeFirstTxPacket="+3126928808.0ns" timeFirstRxPacket="+3146999999.0ns" timeLastTxPacket="+19995928724.0ns" timeLastRxPacket="+19973999999.0ns" delaySum="+23600558524.0ns" jitterSum="+7069756.0ns" lastDelay="+13071107.0ns" txBytes="2757175" rxBytes="2698753" txPackets="1844" rxPackets="1805" lostPackets="18" timesForwarded="1805">
      <delayHistogram nBins="21" >
        <bin index="13" start="0.013" width="0.001" count="1804" />
        <bin index="20" start="0.02" width="0.001" count="1" />
      </delayHistogram>
      <jitterHistogram nBins="8" >
        <bin index="0" start="0" width="0.001" count="1803" />
        <bin index="7" start="0.007" width="0.001" count="1" />
      </jitterHistogram>
      <packetSizeHistogram nBins="75" >
        <bin index="2" start="40" width="20" count="2" />
        <bin index="5" start="100" width="20" count="1" />
        <bin index="45" start="900" width="20" count="1" />
        <bin index="60" start="1200" width="20" count="1" />
        <bin index="74" start="1480" width="20" count="1800" />
      </packetSizeHistogram>
      <flowInterruptionsHistogram nBins="0" >
      </flowInterruptionsHistogram>
    </Flow>
    <Flow flowId="26" timeFirstTxPacket="+3126928886.0ns" timeFirstRxPacket="+3139999999.0ns" timeLastTxPacket="+19988928799.0ns" timeLastRxPacket="+19966999999.0ns" delaySum="+23593335912.0ns" jitterSum="+137479.0ns" lastDelay="+13070870.0ns" txBytes="2757175" rxBytes="2698753" txPackets="1844" rxPackets="1805" lostPackets="18" timesForwarded="1805">
      <delayHistogram nBins="14" >
        <bin index="13" start="0.013" width="0.001" count="1805" />
      </delayHistogram>
      <jitterHistogram nBins="1" >
        <bin index="0" start="0" width="0.001" count="1804" />
      </jitterHistogram>
      <packetSizeHistogram nBins="75" >
        <bin index="2" start="40" width="20" count="2" />
        <bin index="5" start="100" width="20" count="1" />
        <bin index="45" start="900" width="20" count="1" />
        <bin index="60" start="1200" width="20" count="1" />
        <bin index="74" start="1480" width="20" count="1800" />
      </packetSizeHistogram>
      <flowInterruptionsHistogram nBins="0" >
      </flowInterruptionsHistogram>
    </Flow>
    <Flow flowId="27" timeFirstTxPacket="+3127928730.0ns" timeFirstRxPacket="+3140999999.0ns" timeLastTxPacket="+19989928724.0ns" timeLastRxPacket="+19967999999.0ns" delaySum="+23593475145.0ns" jitterSum="+136560.0ns" lastDelay="+13070945.0ns" txBytes="2757175" rxBytes="2698753" txPackets="1844" rxPackets="1805" lostPackets="18" timesForwarded="1805">
      <delayHistogram nBins="14" >
        <bin index="13" start="0.013" width="0.001" count="1805" />
      </delayHistogram>
      <jitterHistogram nBins="1" >
        <bin index="0" start="0" width="0.001" count="1804" />
      </jitterHistogram>
      <packetSizeHistogram nBins="75" >
        <bin index="2" start="40" width="20" count="2" />
        <bin index="5" start="100" width="20" count="1" />
        <bin index="45" start="900" width="20" count="1" />
        <bin index="60" start="1200" width="20" count="1" />
        <bin index="74" start="1480" width="20" count="1800" />
      </packetSizeHistogram>
      <flowInterruptionsHistogram nBins="0" >
      </flowInterruptionsHistogram>
    </Flow>
    <Flow flowId="28" timeFirstTxPacket="+3127928808.0ns" timeFirstRxPacket="+3140999999.0ns" timeLastTxPacket="+19989928799.0ns" timeLastRxPacket="+19967999999.0ns" delaySum="+23593335990.0ns" jitterSum="+137557.0ns" lastDelay="+13070870.0ns" txBytes="2757175" rxBytes="2698753" txPackets="1844" rxPackets="1805" lostPackets="18" timesForwarded="1805">
      <delayHistogram nBins="14" >
        <bin index="13" start="0.013" width="0.001" count="1805" />
      </delayHistogram>
      <jitterHistogram nBins="1" >
        <bin index="0" start="0" width="0.001" count="1804" />
      </jitterHistogram>
      <packetSizeHistogram nBins="75" >
        <bin index="2" start="40" width="20" count="2" />
        <bin index="5" start="100" width="20" count="1" />
        <bin index="45" start="900" width="20" count="1" />
        <bin index="60" start="1200" width="20" count="1" />
        <bin index="74" start="1480" width="20" count="1800" />
      </packetSizeHistogram>
      <flowInterruptionsHistogram nBins="0" >
      </flowInterruptionsHistogram>
    </Flow>
    <Flow flowId="29" timeFirstTxPacket="+3128928730.0ns" timeFirstRxPacket="+3141999999.0ns" timeLastTxPacket="+19990928724.0ns" timeLastRxPacket="+19968999999.0ns" delaySum="+23593558602.0ns" jitterSum="+69834.0ns" lastDelay="+13071107.0ns" txBytes="2757175" rxBytes="2698753" txPackets="1844" rxPackets="1805" lostPackets="18" timesForwarded="1805">
      <delayHistogram nBins="14" >
        <bin index="13" start="0.013" width="0.001" count="1805" />
      </delayHistogram>
      <jitterHistogram nBins="1" >
        <bin index="0" start="0" width="0.001" count="1804" />
      </jitterHistogram>
      <packetSizeHistogram nBins="75" >
        <bin index="2" start="40" width="20" count="2" />
        <bin index="5" start="100" width="20" count="1" />
        <bin index="45" start="900" width="20" count="1" />
        <bin index="60" start="1200" width="20" count="1" />
        <bin index="74" start="1480" width="20" count="1800" />
      </packetSizeHistogram>
      <flowInterruptionsHistogram nBins="0" >
      </flowInterruptionsHistogram>
    </Flow>
    <Flow flowId="30" timeFirstTxPacket="+3131928730.0ns" timeFirstRxPacket="+3144999999.0ns" timeLastTxPacket="+19993928724.0ns" timeLastRxPacket="+19971999999.0ns" delaySum="+23593430358.0ns" jitterSum="+172260.0ns" lastDelay="+13070783.0ns" txBytes="2757175" rxBytes="2698753" txPackets="1844" rxPackets="1805" lostPackets="18" timesForwarded="1805">
      <delayHistogram nBins="14" >
        <bin index="13" start="0.013" width="0.001" count="1805" />
      </delayHistogram>
      <jitterHistogram nBins="1" >
        <bin index="0" start="0" width="0.001" count="1804" />
      </jitterHistogram>
      <packetSizeHistogram nBins="75" >
        <bin index="2" start="40" width="20" count="2" />
        <bin index="5" start="100" width="20" count="1" />
        <bin index="45" start="900" width="20" count="1" />
        <bin index="60" start="1200" width="20" count="1" />
        <bin index="74" start="1480" width="20" count="1800" />
      </packetSizeHistogram>
      <flowInterruptionsHistogram nBins="0" >
      </flowInterruptionsHistogram>
    </Flow>
    <Flow flowId="31" timeFirstTxPacket="+3131928808.0ns" timeFirstRxPacket="+3144999999.0ns" timeLastTxPacket="+19993928874.0ns" timeLastRxPacket="+19971999999.0ns" delaySum="+23593219995.0ns" jitterSum="+172978.0ns" lastDelay="+13070633.0ns" txBytes="2757175" rxBytes="2698753" txPackets="1844" rxPackets="1805" lostPackets="18" timesForwarded="1805">
      <delayHistogram nBins="14" >
        <bin index="13" start="0.013" width="0.001" count="1805" />
      </delayHistogram>
      <jitterHistogram nBins="1" >
        <bin index="0" start="0" width="0.001" count="1804" />
      </jitterHistogram>
      <packetSizeHistogram nBins="75" >
        <bin index="2" start="40" width="20" count="2" />
        <bin index="5" start="100" width="20" count="1" />
        <bin index="45" start="900" width="20" count="1" />
        <bin index="60" start="1200" width="20" count="1" />
        <bin index="74" start="1480" width="20" count="1800" />
      </packetSizeHistogram>
      <flowInterruptionsHistogram nBins="0" >
      </flowInterruptionsHistogram>
    </Flow>
  </FlowStats>
  <Ipv4FlowClassifier>
    <Flow flowId="22" sourceAddress="1.0.0.2" destinationAddress="7.0.0.2" protocol="6" sourcePort="80" destinationPort="49153">
      <Dscp value="0x0" packets="1844" />
    </Flow>
    <Flow flowId="24" sourceAddress="1.0.0.2" destinationAddress="7.0.0.3" protocol="6" sourcePort="80" destinationPort="49153">
      <Dscp value="0x0" packets="1844" />
    </Flow>
    <Flow flowId="25" sourceAddress="1.0.0.2" destinationAddress="7.0.0.4" protocol="6" sourcePort="80" destinationPort="49153">
      <Dscp value="0x0" packets="1844" />
    </Flow>
    <Flow flowId="26" sourceAddress="1.0.0.2" destinationAddress="7.0.0.5" protocol="6" sourcePort="80" destinationPort="49153">
      <Dscp value="0x0" packets="1844" />
    </Flow>
    <Flow flowId="27" sourceAddress="1.0.0.2" destinationAddress="7.0.0.6" protocol="6" sourcePort="80" destinationPort="49153">
      <Dscp value="0x0" packets="1844" />
    </Flow>
    <Flow flowId="30" sourceAddress="1.0.0.2" destinationAddress="7.0.0.8" protocol="6" sourcePort="80" destinationPort="49153">
      <Dscp value="0x0" packets="1844" />
    </Flow>
    <Flow flowId="29" sourceAddress="1.0.0.2" destinationAddress="7.0.0.9" protocol="6" sourcePort="80" destinationPort="49153">
      <Dscp value="0x0" packets="1844" />
    </Flow>
    <Flow flowId="21" sourceAddress="1.0.0.2" destinationAddress="7.0.0.10" protocol="6" sourcePort="80" destinationPort="49153">
      <Dscp value="0x0" packets="1844" />
    </Flow>
    <Flow flowId="19" sourceAddress="1.0.0.2" destinationAddress="7.0.0.11" protocol="6" sourcePort="80" destinationPort="49153">
      <Dscp value="0x0" packets="1844" />
    </Flow>
    <Flow flowId="28" sourceAddress="1.0.0.2" destinationAddress="7.0.0.12" protocol="6" sourcePort="80" destinationPort="49153">
      <Dscp value="0x0" packets="1844" />
    </Flow>
    <Flow flowId="23" sourceAddress="1.0.0.2" destinationAddress="7.0.0.13" protocol="6" sourcePort="80" destinationPort="49153">
      <Dscp value="0x0" packets="1844" />
    </Flow>
    <Flow flowId="31" sourceAddress="1.0.0.2" destinationAddress="7.0.0.14" protocol="6" sourcePort="80" destinationPort="49153">
      <Dscp value="0x0" packets="1844" />
    </Flow>
    <Flow flowId="20" sourceAddress="1.0.0.2" destinationAddress="7.0.0.15" protocol="6" sourcePort="80" destinationPort="49153">
      <Dscp value="0x0" packets="1844" />
    </Flow>
    <Flow flowId="4" sourceAddress="7.0.0.2" destinationAddress="1.0.0.2" protocol="6" sourcePort="49153" destinationPort="80">
      <Dscp value="0x0" packets="1056" />
    </Flow>
    <Flow flowId="8" sourceAddress="7.0.0.3" destinationAddress="1.0.0.2" protocol="6" sourcePort="49153" destinationPort="80">
      <Dscp value="0x0" packets="1055" />
    </Flow>
    <Flow flowId="6" sourceAddress="7.0.0.4" destinationAddress="1.0.0.2" protocol="6" sourcePort="49153" destinationPort="80">
      <Dscp value="0x0" packets="1055" />
    </Flow>
    <Flow flowId="7" sourceAddress="7.0.0.5" destinationAddress="1.0.0.2" protocol="6" sourcePort="49153" destinationPort="80">
      <Dscp value="0x0" packets="1055" />
    </Flow>
    <Flow flowId="10" sourceAddress="7.0.0.6" destinationAddress="1.0.0.2" protocol="6" sourcePort="49153" destinationPort="80">
      <Dscp value="0x0" packets="1055" />
    </Flow>
    <Flow flowId="11" sourceAddress="7.0.0.7" destinationAddress="1.0.0.2" protocol="6" sourcePort="49153" destinationPort="80">
      <Dscp value="0x0" packets="3" />
    </Flow>
    <Flow flowId="14" sourceAddress="7.0.0.8" destinationAddress="1.0.0.2" protocol="6" sourcePort="49153" destinationPort="80">
      <Dscp value="0x0" packets="1055" />
    </Flow>
    <Flow flowId="12" sourceAddress="7.0.0.9" destinationAddress="1.0.0.2" protocol="6" sourcePort="49153" destinationPort="80">
      <Dscp value="0x0" packets="1055" />
    </Flow>
    <Flow flowId="3" sourceAddress="7.0.0.10" destinationAddress="1.0.0.2" protocol="6" sourcePort="49153" destinationPort="80">
      <Dscp value="0x0" packets="1056" />
    </Flow>
    <Flow flowId="2" sourceAddress="7.0.0.11" destinationAddress="1.0.0.2" protocol="6" sourcePort="49153" destinationPort="80">
      <Dscp value="0x0" packets="1055" />
    </Flow>
    <Flow flowId="9" sourceAddress="7.0.0.12" destinationAddress="1.0.0.2" protocol="6" sourcePort="49153" destinationPort="80">
      <Dscp value="0x0" packets="1055" />
    </Flow>
    <Flow flowId="5" sourceAddress="7.0.0.13" destinationAddress="1.0.0.2" protocol="6" sourcePort="49153" destinationPort="80">
      <Dscp value="0x0" packets="1056" />
    </Flow>
    <Flow flowId="13" sourceAddress="7.0.0.14" destinationAddress="1.0.0.2" protocol="6" sourcePort="49153" destinationPort="80">
      <Dscp value="0x0" packets="1055" />
    </Flow>
    <Flow flowId="1" sourceAddress="7.0.0.15" destinationAddress="1.0.0.2" protocol="6" sourcePort="49153" destinationPort="80">
      <Dscp value="0x0" packets="1056" />
    </Flow>
    <Flow flowId="15" sourceAddress="13.0.0.5" destinationAddress="13.0.0.6" protocol="17" sourcePort="2123" destinationPort="2123">
      <Dscp value="0x0" packets="14" />
    </Flow>
    <Flow flowId="18" sourceAddress="13.0.0.6" destinationAddress="13.0.0.5" protocol="17" sourcePort="2123" destinationPort="2123">
      <Dscp value="0x0" packets="14" />
    </Flow>
    <Flow flowId="17" sourceAddress="14.0.0.5" destinationAddress="14.0.0.6" protocol="17" sourcePort="2123" destinationPort="2123">
      <Dscp value="0x0" packets="14" />
    </Flow>
    <Flow flowId="16" sourceAddress="14.0.0.6" destinationAddress="14.0.0.5" protocol="17" sourcePort="2123" destinationPort="2123">
      <Dscp value="0x0" packets="14" />
    </Flow>
  </Ipv4FlowClassifier>
  <Ipv6FlowClassifier>
  </Ipv6FlowClassifier>
  <FlowProbes>
    <FlowProbe index="0">
    </FlowProbe>
    <FlowProbe index="1">
    </FlowProbe>
    <FlowProbe index="2">
    </FlowProbe>
    <FlowProbe index="3">
    </FlowProbe>
    <FlowProbe index="4">
    </FlowProbe>
    <FlowProbe index="5">
    </FlowProbe>
    <FlowProbe index="6">
    </FlowProbe>
    <FlowProbe index="7">
    </FlowProbe>
    <FlowProbe index="8">
    </FlowProbe>
    <FlowProbe index="9">
    </FlowProbe>
    <FlowProbe index="10">
    </FlowProbe>
    <FlowProbe index="11">
    </FlowProbe>
    <FlowProbe index="12">
    </FlowProbe>
    <FlowProbe index="13">
    </FlowProbe>
    <FlowProbe index="14">
    </FlowProbe>
    <FlowProbe index="15">
    </FlowProbe>
    <FlowProbe index="16">
    </FlowProbe>
    <FlowProbe index="17">
    </FlowProbe>
    <FlowProbe index="18">
    </FlowProbe>
    <FlowProbe index="19">
    </FlowProbe>
    <FlowProbe index="20">
    </FlowProbe>
    <FlowProbe index="21">
    </FlowProbe>
    <FlowProbe index="22">
    </FlowProbe>
    <FlowProbe index="23">
    </FlowProbe>
    <FlowProbe index="24">
    </FlowProbe>
    <FlowProbe index="25">
    </FlowProbe>
    <FlowProbe index="26">
    </FlowProbe>
    <FlowProbe index="27">
    </FlowProbe>
    <FlowProbe index="28">
    </FlowProbe>
    <FlowProbe index="29">
    </FlowProbe>
    <FlowProbe index="30">
    </FlowProbe>
    <FlowProbe index="31">
    </FlowProbe>
    <FlowProbe index="32">
    </FlowProbe>
    <FlowProbe index="33">
    </FlowProbe>
    <FlowProbe index="34">
    </FlowProbe>
    <FlowProbe index="35">
    </FlowProbe>
    <FlowProbe index="36">
    </FlowProbe>
    <FlowProbe index="37">
    </FlowProbe>
    <FlowProbe index="38">
    </FlowProbe>
    <FlowProbe index="39">
    </FlowProbe>
    <FlowProbe index="40">
    </FlowProbe>
    <FlowProbe index="41">
    </FlowProbe>
    <FlowProbe index="42">
    </FlowProbe>
    <FlowProbe index="43">
    </FlowProbe>
    <FlowProbe index="44">
    </FlowProbe>
    <FlowProbe index="45">
    </FlowProbe>
    <FlowProbe index="46">
    </FlowProbe>
    <FlowProbe index="47">
    </FlowProbe>
    <FlowProbe index="48">
    </FlowProbe>
    <FlowProbe index="49">
    </FlowProbe>
    <FlowProbe index="50">
    </FlowProbe>
    <FlowProbe index="51">
    </FlowProbe>
    <FlowProbe index="52">
    </FlowProbe>
    <FlowProbe index="53">
    </FlowProbe>
    <FlowProbe index="54">
    </FlowProbe>
    <FlowProbe index="55">
    </FlowProbe>
    <FlowProbe index="56">
    </FlowProbe>
    <FlowProbe index="57">
    </FlowProbe>
    <FlowProbe index="58">
    </FlowProbe>
    <FlowProbe index="59">
    </FlowProbe>
    <FlowProbe index="60">
    </FlowProbe>
    <FlowProbe index="61">
    </FlowProbe>
    <FlowProbe index="62">
    </FlowProbe>
    <FlowProbe index="63">
    </FlowProbe>
    <FlowProbe index="64">
    </FlowProbe>
    <FlowProbe index="65">
    </FlowProbe>
    <FlowProbe index="66">
    </FlowProbe>
    <FlowProbe index="67">
    </FlowProbe>
    <FlowProbe index="68">
    </FlowProbe>
    <FlowProbe index="69">
    </FlowProbe>
    <FlowProbe index="70">
    </FlowProbe>
    <FlowProbe index="71">
    </FlowProbe>
    <FlowProbe index="72">
    </FlowProbe>
    <FlowProbe index="73">
    </FlowProbe>
    <FlowProbe index="74">
    </FlowProbe>
    <FlowProbe index="75">
    </FlowProbe>
    <FlowProbe index="76">
    </FlowProbe>
    <FlowProbe index="77">
    </FlowProbe>
    <FlowProbe index="78">
    </FlowProbe>
    <FlowProbe index="79">
    </FlowProbe>
    <FlowProbe index="80">
    </FlowProbe>
    <FlowProbe index="81">
    </FlowProbe>
    <FlowProbe index="82">
    </FlowProbe>
    <FlowProbe index="83">
    </FlowProbe>
    <FlowProbe index="84">
    </FlowProbe>
    <FlowProbe index="85">
    </FlowProbe>
    <FlowProbe index="86">
    </FlowProbe>
    <FlowProbe index="87">
    </FlowProbe>
    <FlowProbe index="88">
    </FlowProbe>
    <FlowProbe index="89">
    </FlowProbe>
    <FlowProbe index="90">
    </FlowProbe>
    <FlowProbe index="91">
    </FlowProbe>
    <FlowProbe index="92">
    </FlowProbe>
    <FlowProbe index="93">
    </FlowProbe>
    <FlowProbe index="94">
    </FlowProbe>
    <FlowProbe index="95">
    </FlowProbe>
    <FlowProbe index="96">
    </FlowProbe>
    <FlowProbe index="97">
    </FlowProbe>
    <FlowProbe index="98">
    </FlowProbe>
    <FlowProbe index="99">
    </FlowProbe>
    <FlowProbe index="100">
    </FlowProbe>
    <FlowProbe index="101">
    </FlowProbe>
    <FlowProbe index="102">
    </FlowProbe>
    <FlowProbe index="103">
    </FlowProbe>
    <FlowProbe index="104">
    </FlowProbe>
    <FlowProbe index="105">
    </FlowProbe>
    <FlowProbe index="106">
    </FlowProbe>
    <FlowProbe index="107">
    </FlowProbe>
    <FlowProbe index="108">
    </FlowProbe>
    <FlowProbe index="109">
    </FlowProbe>
    <FlowProbe index="110">
    </FlowProbe>
    <FlowProbe index="111">
    </FlowProbe>
    <FlowProbe index="112">
    </FlowProbe>
    <FlowProbe index="113">
    </FlowProbe>
    <FlowProbe index="114">
      <FlowStats  flowId="4" packets="1056" bytes="57908" delayFromFirstProbeSum="+0.0ns" >
      </FlowStats>
      <FlowStats  flowId="22" packets="1807" bytes="2701749" delayFromFirstProbeSum="+23619614959.0ns" >
      </FlowStats>
    </FlowProbe>
    <FlowProbe index="115">
    </FlowProbe>
    <FlowProbe index="116">
      <FlowStats  flowId="8" packets="1055" bytes="57856" delayFromFirstProbeSum="+0.0ns" >
      </FlowStats>
      <FlowStats  flowId="24" packets="1805" bytes="2698753" delayFromFirstProbeSum="+23593475145.0ns" >
      </FlowStats>
    </FlowProbe>
    <FlowProbe index="117">
    </FlowProbe>
    <FlowProbe index="118">
      <FlowStats  flowId="6" packets="1055" bytes="57856" delayFromFirstProbeSum="+0.0ns" >
      </FlowStats>
      <FlowStats  flowId="25" packets="1805" bytes="2698753" delayFromFirstProbeSum="+23600558524.0ns" >
      </FlowStats>
    </FlowProbe>
    <FlowProbe index="119">
    </FlowProbe>
    <FlowProbe index="120">
      <FlowStats  flowId="7" packets="1055" bytes="57856" delayFromFirstProbeSum="+0.0ns" >
      </FlowStats>
      <FlowStats  flowId="26" packets="1805" bytes="2698753" delayFromFirstProbeSum="+23593335912.0ns" >
      </FlowStats>
    </FlowProbe>
    <FlowProbe index="121">
    </FlowProbe>
    <FlowProbe index="122">
      <FlowStats  flowId="10" packets="1055" bytes="57856" delayFromFirstProbeSum="+0.0ns" >
      </FlowStats>
      <FlowStats  flowId="27" packets="1805" bytes="2698753" delayFromFirstProbeSum="+23593475145.0ns" >
      </FlowStats>
    </FlowProbe>
    <FlowProbe index="123">
    </FlowProbe>
    <FlowProbe index="124">
      <FlowStats  flowId="11" packets="3" bytes="168" delayFromFirstProbeSum="+0.0ns" >
      </FlowStats>
    </FlowProbe>
    <FlowProbe index="125">
    </FlowProbe>
    <FlowProbe index="126">
      <FlowStats  flowId="14" packets="1055" bytes="57856" delayFromFirstProbeSum="+0.0ns" >
      </FlowStats>
      <FlowStats  flowId="30" packets="1805" bytes="2698753" delayFromFirstProbeSum="+23593430358.0ns" >
      </FlowStats>
    </FlowProbe>
    <FlowProbe index="127">
    </FlowProbe>
    <FlowProbe index="128">
      <FlowStats  flowId="12" packets="1055" bytes="57856" delayFromFirstProbeSum="+0.0ns" >
      </FlowStats>
      <FlowStats  flowId="29" packets="1805" bytes="2698753" delayFromFirstProbeSum="+23593558602.0ns" >
      </FlowStats>
    </FlowProbe>
    <FlowProbe index="129">
    </FlowProbe>
    <FlowProbe index="130">
      <FlowStats  flowId="3" packets="1056" bytes="57908" delayFromFirstProbeSum="+0.0ns" >
      </FlowStats>
      <FlowStats  flowId="21" packets="1807" bytes="2701749" delayFromFirstProbeSum="+23619698317.0ns" >
      </FlowStats>
    </FlowProbe>
    <FlowProbe index="131">
    </FlowProbe>
    <FlowProbe index="132">
      <FlowStats  flowId="2" packets="1055" bytes="57856" delayFromFirstProbeSum="+0.0ns" >
      </FlowStats>
      <FlowStats  flowId="19" packets="1805" bytes="2698753" delayFromFirstProbeSum="+23628355184.0ns" >
      </FlowStats>
    </FlowProbe>
    <FlowProbe index="133">
    </FlowProbe>
    <FlowProbe index="134">
      <FlowStats  flowId="9" packets="1055" bytes="57856" delayFromFirstProbeSum="+0.0ns" >
      </FlowStats>
      <FlowStats  flowId="28" packets="1805" bytes="2698753" delayFromFirstProbeSum="+23593335990.0ns" >
      </FlowStats>
    </FlowProbe>
    <FlowProbe index="135">
    </FlowProbe>
    <FlowProbe index="136">
      <FlowStats  flowId="5" packets="1056" bytes="57908" delayFromFirstProbeSum="+0.0ns" >
      </FlowStats>
      <FlowStats  flowId="23" packets="1807" bytes="2701749" delayFromFirstProbeSum="+23619472930.0ns" >
      </FlowStats>
    </FlowProbe>
    <FlowProbe index="137">
    </FlowProbe>
    <FlowProbe index="138">
      <FlowStats  flowId="13" packets="1055" bytes="57856" delayFromFirstProbeSum="+0.0ns" >
      </FlowStats>
      <FlowStats  flowId="31" packets="1805" bytes="2698753" delayFromFirstProbeSum="+23593219995.0ns" >
      </FlowStats>
    </FlowProbe>
    <FlowProbe index="139">
    </FlowProbe>
    <FlowProbe index="140">
      <FlowStats  flowId="1" packets="1056" bytes="57908" delayFromFirstProbeSum="+0.0ns" >
      </FlowStats>
      <FlowStats  flowId="20" packets="1807" bytes="2701749" delayFromFirstProbeSum="+23619600139.0ns" >
      </FlowStats>
    </FlowProbe>
    <FlowProbe index="141">
    </FlowProbe>
    <FlowProbe index="142">
      <FlowStats  flowId="1" packets="1054" bytes="57800" delayFromFirstProbeSum="+12572983928.0ns" >
      </FlowStats>
      <FlowStats  flowId="2" packets="1054" bytes="57800" delayFromFirstProbeSum="+12606134629.0ns" >
      </FlowStats>
      <FlowStats  flowId="3" packets="1054" bytes="57800" delayFromFirstProbeSum="+12572478642.0ns" >
      </FlowStats>
      <FlowStats  flowId="4" packets="1054" bytes="57800" delayFromFirstProbeSum="+12572839636.0ns" >
      </FlowStats>
      <FlowStats  flowId="5" packets="1054" bytes="57800" delayFromFirstProbeSum="+12572878855.0ns" >
      </FlowStats>
      <FlowStats  flowId="6" packets="1054" bytes="57800" delayFromFirstProbeSum="+12572488223.0ns" >
      </FlowStats>
      <FlowStats  flowId="7" packets="1054" bytes="57800" delayFromFirstProbeSum="+12572626322.0ns" >
      </FlowStats>
      <FlowStats  flowId="8" packets="1054" bytes="57800" delayFromFirstProbeSum="+12572173563.0ns" >
      </FlowStats>
      <FlowStats  flowId="9" packets="1054" bytes="57800" delayFromFirstProbeSum="+12573102476.0ns" >
      </FlowStats>
      <FlowStats  flowId="10" packets="1054" bytes="57800" delayFromFirstProbeSum="+12572738560.0ns" >
      </FlowStats>
      <FlowStats  flowId="12" packets="1054" bytes="57800" delayFromFirstProbeSum="+12572462212.0ns" >
      </FlowStats>
      <FlowStats  flowId="13" packets="1054" bytes="57800" delayFromFirstProbeSum="+12572939292.0ns" >
      </FlowStats>
      <FlowStats  flowId="14" packets="1054" bytes="57800" delayFromFirstProbeSum="+12572626201.0ns" >
      </FlowStats>
      <FlowStats  flowId="16" packets="14" bytes="3990" delayFromFirstProbeSum="+3206.0ns" >
      </FlowStats>
      <FlowStats  flowId="17" packets="14" bytes="3738" delayFromFirstProbeSum="+0.0ns" >
      </FlowStats>
      <FlowStats  flowId="19" packets="1842" bytes="2754179" delayFromFirstProbeSum="+18420974041.0ns" >
      </FlowStats>
      <FlowStats  flowId="20" packets="1844" bytes="2757175" delayFromFirstProbeSum="+18440761842.0ns" >
      </FlowStats>
      <FlowStats  flowId="21" packets="1844" bytes="2757175" delayFromFirstProbeSum="+18440524993.0ns" >
      </FlowStats>
      <FlowStats  flowId="22" packets="1844" bytes="2757175" delayFromFirstProbeSum="+18440705457.0ns" >
      </FlowStats>
      <FlowStats  flowId="23" packets="1844" bytes="2757175" delayFromFirstProbeSum="+18441054385.0ns" >
      </FlowStats>
      <FlowStats  flowId="24" packets="1844" bytes="2757175" delayFromFirstProbeSum="+18440699023.0ns" >
      </FlowStats>
      <FlowStats  flowId="25" packets="1842" bytes="2754179" delayFromFirstProbeSum="+18420525168.0ns" >
      </FlowStats>
      <FlowStats  flowId="26" packets="1844" bytes="2757175" delayFromFirstProbeSum="+18441041631.0ns" >
      </FlowStats>
      <FlowStats  flowId="27" packets="1844" bytes="2757175" delayFromFirstProbeSum="+18440699023.0ns" >
      </FlowStats>
      <FlowStats  flowId="28" packets="1844" bytes="2757175" delayFromFirstProbeSum="+18441041631.0ns" >
      </FlowStats>
      <FlowStats  flowId="29" packets="1842" bytes="2754179" delayFromFirstProbeSum="+18420525168.0ns" >
      </FlowStats>
      <FlowStats  flowId="30" packets="1842" bytes="2754179" delayFromFirstProbeSum="+18420789981.0ns" >
      </FlowStats>
      <FlowStats  flowId="31" packets="1842" bytes="2754179" delayFromFirstProbeSum="+18421307657.0ns" >
      </FlowStats>
    </FlowProbe>
    <FlowProbe index="143">
    </FlowProbe>
    <FlowProbe index="144">
      <FlowStats  flowId="15" packets="14" bytes="3990" delayFromFirstProbeSum="+24045.0ns" >
      </FlowStats>
      <FlowStats  flowId="16" packets="14" bytes="3990" delayFromFirstProbeSum="+0.0ns" >
      </FlowStats>
      <FlowStats  flowId="17" packets="14" bytes="3738" delayFromFirstProbeSum="+3010.0ns" >
      </FlowStats>
      <FlowStats  flowId="18" packets="14" bytes="3738" delayFromFirstProbeSum="+0.0ns" >
      </FlowStats>
    </FlowProbe>
    <FlowProbe index="145">
    </FlowProbe>
    <FlowProbe index="146">
      <FlowStats  flowId="15" packets="14" bytes="3990" delayFromFirstProbeSum="+0.0ns" >
      </FlowStats>
      <FlowStats  flowId="18" packets="14" bytes="3738" delayFromFirstProbeSum="+3010.0ns" >
      </FlowStats>
    </FlowProbe>
    <FlowProbe index="147">
    </FlowProbe>
    <FlowProbe index="148">
      <FlowStats  flowId="1" packets="1054" bytes="57800" delayFromFirstProbeSum="+23112988215.0ns" >
      </FlowStats>
      <FlowStats  flowId="2" packets="1054" bytes="57800" delayFromFirstProbeSum="+23146138916.0ns" >
      </FlowStats>
      <FlowStats  flowId="3" packets="1054" bytes="57800" delayFromFirstProbeSum="+23112482929.0ns" >
      </FlowStats>
      <FlowStats  flowId="4" packets="1054" bytes="57800" delayFromFirstProbeSum="+23112843923.0ns" >
      </FlowStats>
      <FlowStats  flowId="5" packets="1054" bytes="57800" delayFromFirstProbeSum="+23112883142.0ns" >
      </FlowStats>
      <FlowStats  flowId="6" packets="1054" bytes="57800" delayFromFirstProbeSum="+23112492510.0ns" >
      </FlowStats>
      <FlowStats  flowId="7" packets="1054" bytes="57800" delayFromFirstProbeSum="+23112630609.0ns" >
      </FlowStats>
      <FlowStats  flowId="8" packets="1054" bytes="57800" delayFromFirstProbeSum="+23112177850.0ns" >
      </FlowStats>
      <FlowStats  flowId="9" packets="1054" bytes="57800" delayFromFirstProbeSum="+23113106763.0ns" >
      </FlowStats>
      <FlowStats  flowId="10" packets="1054" bytes="57800" delayFromFirstProbeSum="+23112742847.0ns" >
      </FlowStats>
      <FlowStats  flowId="12" packets="1054" bytes="57800" delayFromFirstProbeSum="+23112466499.0ns" >
      </FlowStats>
      <FlowStats  flowId="13" packets="1054" bytes="57800" delayFromFirstProbeSum="+23112943579.0ns" >
      </FlowStats>
      <FlowStats  flowId="14" packets="1054" bytes="57800" delayFromFirstProbeSum="+23112630488.0ns" >
      </FlowStats>
      <FlowStats  flowId="19" packets="1844" bytes="2757175" delayFromFirstProbeSum="+0.0ns" >
      </FlowStats>
      <FlowStats  flowId="20" packets="1844" bytes="2757175" delayFromFirstProbeSum="+0.0ns" >
      </FlowStats>
      <FlowStats  flowId="21" packets="1844" bytes="2757175" delayFromFirstProbeSum="+0.0ns" >
      </FlowStats>
      <FlowStats  flowId="22" packets="1844" bytes="2757175" delayFromFirstProbeSum="+0.0ns" >
      </FlowStats>
      <FlowStats  flowId="23" packets="1844" bytes="2757175" delayFromFirstProbeSum="+0.0ns" >
      </FlowStats>
      <FlowStats  flowId="24" packets="1844" bytes="2757175" delayFromFirstProbeSum="+0.0ns" >
      </FlowStats>
      <FlowStats  flowId="25" packets="1844" bytes="2757175" delayFromFirstProbeSum="+0.0ns" >
      </FlowStats>
      <FlowStats  flowId="26" packets="1844" bytes="2757175" delayFromFirstProbeSum="+0.0ns" >
      </FlowStats>
      <FlowStats  flowId="27" packets="1844" bytes="2757175" delayFromFirstProbeSum="+0.0ns" >
      </FlowStats>
      <FlowStats  flowId="28" packets="1844" bytes="2757175" delayFromFirstProbeSum="+0.0ns" >
      </FlowStats>
      <FlowStats  flowId="29" packets="1844" bytes="2757175" delayFromFirstProbeSum="+0.0ns" >
      </FlowStats>
      <FlowStats  flowId="30" packets="1844" bytes="2757175" delayFromFirstProbeSum="+0.0ns" >
      </FlowStats>
      <FlowStats  flowId="31" packets="1844" bytes="2757175" delayFromFirstProbeSum="+0.0ns" >
      </FlowStats>
    </FlowProbe>
    <FlowProbe index="149">
    </FlowProbe>
  </FlowProbes>
</FlowMonitor>
